URI,Cnt
/_search,12
"/hoidongnhandan/1231/29459/39471/so-do-site/AttachFiles/AttachFiles/NQ+34+khu+neo+dau+tau+thuyen+tranh+tru+bao+ket+hop+ben+ca+cua+Ha+Lan,+h.Giao+Thuy100620201159.pdf",1
/index.php,10
/wp-content/plugins/ultimate-member/readme.txt,1
/portal/Photos/2021-10-20/d3d7e75a6f3dad6dTBN2.jpg,1
/Admin/Uploadify,1
/userfiles/file/TaiLieuTXCT+Ky+hop+6/AttachFiles/AttachFiles/ban-van-hoa.aspx,1
/portal/_themes/Portal_red/img/art-tools.png,13
/portal/Pages/2023-5-26/Giam-sat-chuyen-de-cua-Ban-Kinh-te--Ngan-sach-ve-Huj8ell.aspx,1
/portal/Pages/2021-10-13/Phong-Cong-tac-Quoc-hoi6eozu4.aspx,1
/portal/Pages/2021-10-12/Danh-sach-dai-bieu-HDND-tinh-Nam-Dinh-khoa-XIX-nhia8vg6m.aspx,2
/_forms/error.html,6
/api/v1/database/1,5
/portal/Pages/2022-10-28/Giam-sat-viec-thuc-hien-cac-chuong-trinh-tin-dung-73wamu.aspx,1
/wp-content/uploads/style.php,12
/wp-admin/style.php,12
/index.php/management/set_timezone,1
/audio/27754.mp3,1
/portal/Pages/2022-6-25/Doan-giam-sat-cua-Thuong-truc-HDND-tinh-hop-thong-9mu35z.aspx,2
/portal/Pages/2022-12-16/Giam-sat-viec-huy-dong-quan-ly-va-su-dung-cac-nguogal62a.aspx,1
/portal/Pages/2023-12-10/feqb9q.aspx,1
/test.cgi,1
/portal/Pages/2023-11-14/Dai-bieu-HDND-tinh-tiep-tuc-chuong-trinh-tiep-xuc-ncs8qk.aspx,1
/_layouts/tandan.portal/weather/locations.js,31
/index.html,2
/hoidongnhandan/1231/29459/42094/Tin-tuc---Su-kien/AttachFiles/NQ+12+dieu+chinh+bien+che+QLHC+nha+nuoc100620201153.pdf,1
/wp-admin/admin-ajax.php,2
"/AttachFiles/NQ+72+quyet+dinh+chu+truong+dau+tu+d.an+xay+dung+KDT+duong+Nguyen+Cong+Tru,+phuong+Loc+Vuong,+TP+Nam+Dinh151220200303.pdf",1
/_forms/td-login.aspx,1
/fileserver/test.txt,6
/_layouts/tandan.portal/images/tinnhiemcong.png,24
/tin-tuc-detail.aspx,2
/portal/Pages/2023-8-27/Hoi-nghi-nang-cao-chat-luong-hoat-dong-HDND-cac-ca5amvni.aspx,1
/wp-json/wp/v2/users/,1
/api/v1/database/9,5
/webadmin/script,2
/portal/_themes/Portal_red/img/ic-search.png,24
/audio/27546.mp3,1
/admin.php,1
/portal/Pages/2024-1-25/Dong-chi-Pho-Bi-thu-Thuong-truc-Tinh-uy-tham-chuc-m4dc5n.aspx,1
/portal/Pages/2023-1-12/Tham-tang-qua-cho-gia-dinh-cac-em-nho-co-hoan-canh7p1aq9.aspx,1
/images/class.api.php,1
/AttachFiles/7-+NQ+75+lệ+phí+cư+trú120620200950.doc,2
/webadmin/auth/verification.php,5
/portal/_res/fonts/Roboto/roboto-v18-latin_vietnamese_latin-ext-500.woff2,55
/userfiles/media/B2.jpg,1
/_forms/default.aspx,56
/geoserver/ows,1
/_login/default.aspx,52
/portal/Photos/2024-03/_w/59a4b336ca88b8dda1_20240307123759_jpg.jpg,1
/faces/javax.faces.resource./WEB-INF/web.xml.jsf,1
/Install/InstallWizard.aspx,1
/_layouts/tandan.portal/weather/img/48/02n.png,1
/portal/Pages/2023-5-12/Dai-hoi-Cong-doan-Van-phong-Doan-DBQH-va-HDND-tinhsm6bs9.aspx,1
/Style+Library/en-US/Themable/Core+Styles/controls.css,17
/portal/Photos/2023-05/_t/80b42ddfe5d2c0d11e2130191db4f8516ca_jpg.jpg,12
/mbilling/lib/icepay/icepay.php,1
/portal/Pages/2023-12-15/Ky-hop-thu-bay-HDND-thanh-pho-Nam-Dinh-khoa-XVIIfg7fsz.aspx,3
"/AttachFiles/05.+NQ+bai+bo+1+phan+NQ+53+2017+quy+dinh+muc+thu,+che+do+thu,+nop+va+quan+ly+le+phi+ho+tich200720210152.pdf",2
/userfiles/file/TKBC1.jpg,1
/AttachFiles/29.+BC+Ctác+của+ngành+TAND100620201139.pdf,1
/hoidongnhandan/1231/29459/39413/Ban-Kinh-te---Ngan-sach-HDND-tinh/nghi-quyet-detail.aspx,1
/wp-content/plugins/abstract-submission/dompdf-0.5.1/dompdf.php,1
/portal/Pages/2023-9-7/Hoi-nghi-toan-quoc-trien-khai-luat-nghi-quyet-cua-xjk30n.aspx,1
/audio/27721.mp3,1
/ajax-api/2.0/mlflow/registered-models/create,2
/AttachFiles/8.+Dieu+chinh+lien+quan+den+Cum+cong+nghiep051220180824.pdf,1
/AttachFiles/Báo+cáo+thẩm+tra+(chính+thức).doc130320180939.docx,2
/webadm/,3
/portal/portal/pages/van-ban/default.aspx,1
/portal/Pages/2021-10-13/8a7z6t.aspx,1
/audio/27195.mp3,2
/userfiles/file/TaiLieuTXCT+Ky+hop+6/href='/tai-lieu.aspx,1
/_layouts/tandan.portal/jslibs/fancybox/jquery.fancybox.pack.js,36
/portal/pages/Lich-lam-viec-tuan.aspx,9
/hoidongnhandan/1231/29459/42080/hoi-dong-nhan-dan-huyen-nam-truc/tai-lieu-detail.aspx,1
/portal/_res/bootstrap/fonts/glyphicons-halflings-regular.woff,1
/cgi-bin/rpc,2
/portal/Pages/2023-10-20/Thong-bao-ket-luan-cua-Ban-Thuong-vu-Tinh-uy-ve-Phj46eoh.aspx,1
/hoidongnhandan/1231/29459/39414/Ban-Van-hoa---Xa-hoi-HDND-tinh/AttachFiles/18-NQ-HDND_20160802041810756750120620200830.PDF,1
/_layouts/1033/init.js,41
/images/news/250720211043TD+DBQH.jpg,2
/wp-includes/style.php,12
/Manage/Uploadify,1
/portal/Pages/2021-10-11/Ban-Phap-che-HDND-tinh-Nam-Dinh--Khoa-XIX-nhiem-kyvjg4kn.aspx,1
/redir.php,1
/api/fileup.ashx,1
/portal/Pages/2024-2-6/Van-hien-Nam-Dinh--Dong-rieng-giua-nguon-chung-zl5det.aspx,1
/general/index/UploadFile.php,3
"/view-resol-Nghi-quyet-so-69-NQ-HDND,-cua-HDND-tinh-ve-viec-quyet-dinh-chu-truong-dau-tu-Du-an-cai-tao,-nang-cap-tuyen-duong-Thai-Hai,-huyen-Nam-Truc-238.html",1
/portal/Pages/2023-1-19/Hoat-dong-thanh-nien-huong-toi-tet-Quy-Mao-20239bi8q1.aspx,1
/userfiles/file/TaiLieuTXCT+Ky+hop+6/tai-lieu-detail.aspx,1
/portal/ImageAds/8d03f4fa9d04470dxanh+com+999.jpg,12
"/portal/VanBan/2021-11/2d283ae22207240d26.+Sap+xep,+sap+nhap+thon+(xom),+to+dan+pho+tren+dia+ban+tinh,+giai+doan+2021_2022.pdf",1
/portal/_res/fonts/Roboto/roboto-v18-latin_vietnamese_latin-ext-500.woff,1
/wp-content/plugins/media-library-assistant/readme.txt,1
/portal/Pages/2023-7-11/Ban-Van-hoa--Xa-hoi-HDND-tinh-tham-tra-truoc-ky-hor8ud8t.aspx,1
/portal/Pages/2024-2-25/Thong-bao-Ket-luan-cua-Ban-Thuong-vu-Tinh-uy-ve-coiotbih.aspx,1
/AttachFiles/NQ+09+thong+qua+ke+hoach+to+chuc+cac+ky+hop+thuong+le+nam+2021+cua+HDND+tinh290620210932.pdf,1
/seeyon/test123456.jsp,2
/portal/Pages/2024-2-5/6iet9g.aspx,1
/myaccount/javax.faces.resource./WEB-INF/web.xml.jsf,1
/userfiles/2020/bb.jpg,1
/wp-content/plugins/paid-memberships-pro/js/updates.js,1
/v1/folder,2
/portal/Pages/2021/Dong-chi-Le-Quoc-Chinh-Pho-Bi-thu-Thuong-truc-Tinh-307014.aspx,3
/portal/LinkImage/61ec8cf84cdf88fdQLVBDH1.jpg,24
/.well-known/traffic-advice,6
/inc/jquery/uploadify/uploadify.php,1
/portal/Pages/Thu-vien-so.aspx,7
/audio/28071.mp3,1
/hoidongnhandan/1231/29459/39471/so-do-site/AttachFiles/dai-bieu.aspx,1
/portal/Pages/2023-11-17/Giam-sat-tham-tra-truoc-ky-hop-thuong-le-cuoi-nam-bz2dmp.aspx,1
/webadmin/clientlogin/,1
/hoidongnhandan/1231/29459/42083/Hoi-dong-nhan-dan-huyen-Hai-Hau/AttachFiles/nghi-quyet-detail.aspx,1
/status,1
/portal/pages/default.aspx,8
/hoidongnhandan/1231/29459/39416/Van-phong-HDND-tinh/video.aspx,1
/_images/xYmJse,1
/ceshi.asp,1
/portal/_res/img/bg-shadow.png,24
/lui/,1
/portal/Pages/2024-3-27/Hoi-nghi-toan-quoc-tong-ket-cong-tac-HDND-cac-tinht9cojv.aspx,3
/portal/Pages/2024-1-22/Dong-long-quyet-tam-xay-dung-dat-nuoc-ngay-cang-cu21x7al.aspx,1
/portal/Pages/2023-12-25/10-su-kien-tieu-bieu-tinh-Nam-Dinh-nam-2023-qua-baht1kkq.aspx,1
/wp-content/plugins/wp-planet/readme.txt,1
/_layouts/tandan.portal/weather/img/128/03n.png,3
/hoidongnhandan/1231/29459/40927/Co-cau-to-chuc/nghi-quyet-detail.aspx,1
/.well-known/acme-challenge/class.api.php,1
/solr/admin/cores,3
/module/jmsblog/index.php,1
"/hoidongnhandan/1231/29459/40932/van-ban-tra-loi-y-kien---kien-nghi-cu-tri/AttachFiles/AttachFiles/1.+NQ+phe+duyet+dieu+chinh+bo+sung+tong+so+luong+nguoi+lam+viec+trong+cac+d.vi+SNCL,+chi+tieu+g.vien+mam+non+hop+dong+nam+2020140720200855.pdf",1
/portal/_res/fonts/Roboto/roboto-v18-latin_vietnamese_latin-ext-regular.woff,1
/wp-seo.php,1
/portal/Photos/2021-10-17/9de5537d8d82552d20210412_084110.jpg,1
/api/v1/database/4,5
/portal/Pages/2022-6-14/Tang-cuong-cong-tac-quan-ly-Nha-nuoc-ve-kham-benh-pk8mc2.aspx,1
/portal/Pages/2021-10-11/Ban-Kinh-te--Ngan-sach-HDND-tinh-Nam-Dinh--Khoa-XImk5hlt.aspx,1
/portal/Pages/2023-6-20/Ky-hop-thu-5-Quoc-hoi-khoa-XV-De-xuat-dieu-chinh-ch34vq9.aspx,2
/portal/Pages/2022-11-16/g6zxcp.aspx,2
/files.ashx,1
"/AttachFiles/10.+Bao+cao+ket+qua+GSCD+cua+Thuong+truc+HDND+tinh+ve+su+dung+kinh+phi+tu+tien+su+dung+dat,+tien+thue+dat+co+cong+tac+do+dac,+d.ky+dat+dai031220200843.pdf",1
/apps/graphapi/vendor/microsoft/microsoft-graph/tests/GetPhpInfo.php,1
/_layouts/tandan.portal/weather/img/128/10n.png,3
/SiteFolders/doandaibieuquochoi/3398/AttachFiles/AttachFiles/tai-lieu.aspx,1
/tool/log/c.php,1
"/hoidongnhandan/1231/29459/39471/so-do-site/AttachFiles/AttachFiles/NQ+54+phu+cap+Thon+doi+truong,+muc+tro+cap+ngay+cong+lao+dong+doi+voi+dan+quan+khi+thuc+hien+nhiem+vu151220200251.pdf",1
/wp-content/themes/twentyseventeen/page/index.php,10
/home.html,2
/portal/home/advance-search,13
/Electron/download/windows/windows/win.ini,1
/fileupload.asp,1
/portal/Pages/van-ban/v.aspx,14
/.well-known/pki-validation/class.api.php,1
/portal/_pageLayouts/two-cols-left/layout.css,34
/portal/pages/Tin-tuc-su-kien.aspx,4
/audio/27479.mp3,1
/portal/Photos/2022-06-23/f9d9aad01e897dcd2.jpg,1
/portal/Pages/2021-10-19/Giam-sat-viec-thuc-hien-chinh-sach-phap-luat-ve-trptz6ln.aspx,2
/portal/_res/js/custom.js,38
/downloader.php,1
/api/files.ashx,1
/hoidongnhandan/1231/29459/40963/Chuong-trinh-hanh-dong-DB-HDND/AttachFiles/href='/tai-lieu.aspx,1
/cgi-bin/test-cgi,1
/portal/Pages/2023-5-20/Dien-van-cua-dong-chi-Pham-Gia-Tuc-Uy-vien-BCH-Truvs5wgw.aspx,4
/ajax/api/user/save,1
/audio/28066.mp3,1
/enrollment/index.php,1
/portal/Pages/2023-11-24/Ban-Thuong-vu-Tinh-uy-cho-y-kien-ve-ket-qua-thuc-hybcw37.aspx,1
/wp-content/plugins/post-pdf-export/dompdf/dompdf.php,1
/portal/_themes/Portal_red/theme.css,35
/portal/Photos/2024-03/_w/fec4f4daf05b3dad1_jpg.jpg,12
/portal/_res/img/new.gif,11
/api/Upfile,1
/nghi-quyet-view.aspx,32
/wp-admin/tools.php,2
/ScriptResource.axd,101
/wp-admin/admin.php,1
/portal/Pages/2023-10-25/Quoc-hoi-cong-bo-ket-qua-lay-phieu-tin-nhiem-44-chomma3c.aspx,1
/hoidongnhandan/1231/29459/39471/so-do-site/tai-lieu.aspx,1
/portal/Pages/2022-1-25/unywva.aspx,1
/portal/VanBan/2021-11/28456a60436d222d34.2.+BC+ket+qua+giam+sat+chuyen+de+viec+t.hien+CSPL+ve+tro+giup+xã+hoi+tu+nam+2019+den+nay+(cua+Ban+VHXH).pdf,1
/wb.php,1
/_layouts/tandan.portal/weather/img/48/04d.png,9
/ajax-api/2.0/mlflow/model-versions/create,2
/hoidongnhandan/1231/29459/42085/Hoi-dong-nhan-dan-huyen-Giao-Thuy/nghi-quyet-detail.aspx,2
/hoidongnhandan/1231/29459/39407/Gioi-thieu/AttachFiles/AttachFiles/tin-tuc-van-hoa.html,1
/tools/Upfile.ashx,1
/up.ashx,1
/portal/Pages/2022-6-23/Ban-Phap-che-tham-tra-truoc-ky-hop-thu-bay-HDND-tiq64shf.aspx,2
/portal/Pages/2023-12-10/Be-mac-ky-hop-thu-muoi-lam-HDND-tinh-khoa-XIX-nhiepgj9e6.aspx,1
/portal/Pages/2023-12-15/HDND-huyen-Nam-Truc-khoa-XVIII-to-chuc-ky-hop-thu-v4wrjw.aspx,1
/portal/Banner/8e7837350f0fd6dd12345.jpg,24
/audio/27491.mp3,1
/portal/_themes/Portal_red/img/chuoi.png,14
/admin/login.php,1
/mics/services/MICSLogService,1
/login-x.php,1
/alfanew.php,10
/portal/Pages/video/w.aspx,4
/plus/ajax_common.php,1
/portal/Photos/2021-10-17/9122007a090929ddndc.jpg,1
/file-manager/backend/makefile,1
/portal/Pages/2023-11-3/Cong-tac-hoan-thien-du-thao-Luat-Dat-dai-sua-doi-dywoz1j.aspx,2
/api/Uploadify,1
/go.php,1
/SiteFolders/doandaibieuquochoi/3398/AttachFiles/AttachFiles/04_QD_20210308110111518510100320210810.pdf,1
/costModule/faces/javax.faces.resource./WEB-INF/web.xml.jsf,1
/,1886
/portal/Photos/2023-08/ad3d30017e8edf2dHN0.jpg,1
/moveitisapi/moveitisapi.dll,2
/portal/Pages/lay-y-kien.aspx,2
/portal/Pages/2024-1-22/Doa-n-da-i-bie-u-Quo-c-ho-i-ti-nh-tang-qua-Tet-260o02cdd.aspx,1
/audio/27642.mp3,1
/includes/lib/gz.php,1
/portal/_res/fonts/Roboto/roboto-v18-latin_vietnamese_latin-ext-italic.woff,1
/AttachFiles/quyết+định+thành+lập+Đoàn+giám+sát+chuyên+đề030620180609.doc,1
/style.php,24
/AttachFiles/kh+giám+sát+vh+(12-3)280520180951.doc,1
/enrollment/ajax.php,1
/AttachFiles/25.+BC+ket+qua+nhiem+vụ+QPQS+dia+phuong+2019100620201112.pdf,1
/AttachFiles/5.1.+BC+k.qua+t.hien+KN+sau+GSCD+cua+TT+HDND+tinh051220180831.pdf,1
/wp-content/plugins/mypixs/mypixs/downloadpage.php,1
/userfiles/file/TaiLieuTXCT+Ky+hop+6/href='/nghi-quyet-detail.aspx,1
/portal/pages/Ban-Van-hoa-Xa-hoi.aspx,2
/AttachFiles/3.+BC+ket+qua+GSCD+cua+TT+HDND+tinh051220180835.pdf,1
/wms,1
/AttachFiles/33.4.+BC+ket+qua+thuc+hien+cua+nguoi+tra+loi+chat+van+tai+ky+hop+thu+9+va+11+(So+VHTTDL)031220200918.pdf,1
/portal/Pages/2024-1-22/Dong-chi-Bi-thu-Tinh-uy-tham-chuc-Tet-can-bo-chienr4u6cb.aspx,1
/portal/Pages/2023-3-16/GOP-Y-VAO-DU-THAO-LUAT-DAT-DAI-SUA-DOI--Can-co-quy6fhtlr.aspx,1
/userfiles/media/TD+DBQH1.jpg,2
/portal/_res/fonts/RobotoCondensed-Bold.ttf,28
/portal/Photos/2024-03/_w/a90d36d104e3d40d1_20240318180913_png.jpg,14
/accounts/login/,1
/portal/Photos/2021-10-18/7ddce7eedbc2ea8dnam-dinh-nguyen-hai-dung.jpg,1
/wlsecurity.html,1
/.well-known/class.api.php,1
/portal/_res/fonts/Roboto/roboto-v18-latin_vietnamese_latin-ext-700.woff2,56
/robots.txt,55
/portal/ImageAds/cc33ffdd5fff695dadd1.jpg,12
/portal/Photos/2024-03/_t/6e87739028bc2b5da5_20240313090337_jpg.jpg,12
/hoidongnhandan/1231/29459/39416/Van-phong-HDND-tinh/AttachFiles/AttachFiles/03.+NQ+xac+nhan+ket+qua+bau+bo+sung+PCT+UBND+tinh220320211004.pdf,1
/server-info.action,1
/test.asp,1
/ajax-api/2.0/mlflow-artifacts/artifacts,1
/_layouts/tandan.portal/jslibs/jquery-ui/jquery-ui-1.9.0.custom.min.js,35
/portal/_res/img/tangtuongphan.png,13
/api/operations/ciscosb-file:form-file-upload,1
/portal/Photos/2024-01/_t/a12ee0ce325f43ad123_jpg.jpg,12
/app,12
/wp-login.php,6
/mgmt/tm/util/bash,2
"/portal/VanBan/2024-03/4f070a03d7118e7dNghị+quyết+kỳ+họp+16+HĐND+tỉnh+khóa+XIX,+NK+2021-2026.rar",1
/AttachFiles/AttachFiles/24_NQ_HDND120620200848.doc,1
/audio/27925.mp3,3
/fileup.ashx,1
/portal/_res_bak/img/print.png,1
"/portal/VanBan/2021-12/29a0905cdd46230d4.+56.+NQ+dinh+muc,+n.tac+phan+bo+von+dau+tu+cong+va+k.hoach+dau+tu+cong+trung+han.pdf",1
/xxc.php,1
/s=set&_method=__construct&method=*&filter[]=system,1
/audio/27578.mp3,1
/_layouts/tandan.portal/weather/img/48/01n.png,2
/hoidongnhandan/1231/29459/42097/Su-kien---Binh-luan/AttachFiles/07.+NQ+keo+dai+thuc+hien+NQ+24+2018+NQ+HDND+ve+thu+hoc+phi+den+het+nam+hoc+2021+2022200720210153.pdf,1
/wp-content/themes/wpclassic/inc/index.php,10
/audio/27872.mp3,1
/tools/Uploadhandler.ashx,1
"/AttachFiles/22.+Cap+nhat+thay+doi+quy+mo,+dia+diem+va+so+luong+c.trinh,+d.an+dat+quoc+phong+trong+dieu+chinh+QH+SDĐ031220200851.pdf",1
/detail-doccument-Thong-bao-So-56-TB-HDND-19.html,1
/audio/28011.mp3,1
/lib/dompdf/dompdf.php,1
/portal/_res/img/bg-title.png,24
/portal/_res/img/bg-footer-min.png,24
/AttachFiles/2.2.+BC+GSCĐ+về+hoạt+động+đơn+vị+SNCL100620201145.pdf,1
/portal/Photos/2023-03/90473d04e7ebd7fd1_20230310085116.png,1
/devmode.action,2
/boardDataWW.php,3
/hoidongnhandan/1231/29459/42078/Hoi-dong-nhan-dan-huyen-My-Loc/AttachFiles/8.+NQ+Chuong+trinh+giam+sat+nam+2021+cua+HDND+tinh140720200906.pdf,1
/portal/Pages/default.aspx,1867
/wp-content/themes/applica/400.php,10
/kubepi/api/v1/users,1
/wp-admin/setup-config.php,1
/Manage/Upfile,1
/portal/Pages/2024-1-31/Doan-dai-bieu-Quoc-hoi-tinh-giam-sat-chuyen-de-taihpc4d2.aspx,1
/pages/setup.php,1
/portal/Photos/2022-06/_t/a7ce4d01f10fd81d4_jpg.jpg,12
/AttachFiles/4.+Ch.thuan+b.sung+d.muc+d.an+phai+thu+hoi+dat+va+chuyen+doi+m.dich+s.dung+duoi+10ha+dat+lua+nam+2020290820200939.pdf,1
/portal/Pages/2023-3-27/xzuj8x.aspx,1
/portal/Pages/2021-10-20/Thong-bao-nhanh-ket-qua-Hoi-nghi-lan-thu-tu-Ban-Chu7sg0a.aspx,2
/wp-content/plugins/buddypress-component-stats/lib/dompdf/dompdf.php,1
/wp-includes/class.api.php,1
/public/index.php/material/Material/_download_imgage,3
/portal/Pages/contact.aspx,1
/portal/Pages/2021-11-8/Tap-huan-ve-nhiem-vu-quyen-han-va-ky-nang-hoat-don6xxwea.aspx,2
/van-ban-thuong-truc.aspx,2
/texteditor.php,1
/modules/miniform/ajax_delete_message.php,1
/_layouts/tandan.portal/weather/img/128/03d.png,6
/portal/Pages/2024-3-16/Khai-mac-Festival-Pho-2024-voi-chu-de-Con-duong-ph1o9weq.aspx,3
/portal/Pages/2024-1-22/Hoi-nghi-gap-mat-can-bo-huu-tri-co-quan-Van-phong-9sfopd.aspx,1
/portal/Pages/2023-11-26/Ky-hop-thu-6-Quoc-hoi-khoa-XV-Quy-dinh-ve-nong-do-brpq08.aspx,1
/cgi-bin/test,1
/saml/login,1
/hoidongnhandan/1231/29459/42086/Hoi-dong-nhan-dan-huyen-Y-Yen/AttachFiles/AttachFiles/NQ+30+XD+trung+tam+le+hoi+thuoc+khu+DTLSVH+Tran100620201158.pdf,1
/hoidongnhandan/1231/29459/40968/Thuong-truc-HDND-tinh/tai-lieu-detail.aspx,1
/cgi-bin/stats,1
/fp-content/,1
/audio/28059.mp3,1
/pig/add-pig.php,1
/audio/28024.mp3,1
/ads.txt,1
/portal/LinkImage/ed4b073d7df5b2fdda+cam.jpg,24
/portal/Photos/2024-01/_t/91e81f2d5c3ea6fd1_20240130182954_png.jpg,13
/portal/pages/photos,7
/portal/pages/Hoat-dong-cua-Ban-Van-hoa--Xa-hoi.aspx,2
/portal/Photos/2021-10-17/5a5fe1f7d1fc4a4ddtg.jpg,1
/source/loggin/page_log_dwn_file.hsp,1
/hoidongnhandan/1231/29459/39407/Gioi-thieu/AttachFiles/nghi-quyet-detail.aspx,1
/_layouts/tandan.portal/jslibs/back-to-top.js,34
/_layouts/tandan.portal/weather/img/128/04d.png,9
"/AttachFiles/15.+D.chinh,+b.sung+phan+bo+nguon+von+kinh+phi+su+nghiep+va+ke+hoach+vay+von+tu+nguon+Chinh+phu+cho+vay+lai+2020051220200750.pdf",1
"/AttachFiles/6.+To+trinh+ve+so+luong,+nhan+su+de+bau+Hoi+tham+nhan+dan+cua+Toa+an+nhan+dan+tinh+NK+2021-2026230620210802.pdf",1
/reports/rwservlet/showenv,4
/portal/Pages/2023-12-15/HDND-huyen-Y-Yen-to-chuc-ky-hop-thu-muoi-khoa-XIX-9dbim9.aspx,1
/portal/js/font-zoom.js,37
/userfiles/media/DC+NHD.jpg,2
/portal/Pages/2021-12-16/Khoi-cong-du-an-xay-dung-tuyen-duong-noi-tu-de-ta-9bsgb6.aspx,2
/getsamplebacklog,1
/portal/Pages/2024-3-27/,1
/PhpSpreadsheet/Writer/PDF/DomPDF.php,1
/hoidongnhandan/1231/29459/42086/Hoi-dong-nhan-dan-huyen-Y-Yen/AttachFiles/AttachFiles/24.+NQ+c.thuan+dieu+chinh+d.an+cai+tao+nang+cap+co+so+ha+tang+vung+nuoi+trong+thuy+san+H+Nghia+Hung200720210210.pdf,1
/Style+Library/en-US/Core+Styles/page-layouts-21.css,24
"/hoidongnhandan/1231/29459/40928/Thu-vien-anh/AttachFiles/AttachFiles/NQ+76+chap+thuan+dieu+chinh+du+an+cai+tao,+nang+cap+duong+Khang+Thuan,+H+Truc+Ninh151220200306.pdf",1
/portal/pages/video/default.aspx,9
/AttachFiles/Nghị+quyết+số+39120620200930.doc,1
/portal/Pages/2023-11-16/Cac-dai-bieu-HDND-tinh-tiep-xuc-cu-tri-huyen-Y-Yens5xvab.aspx,1
/portal/Pages/2022-7-28/Chi-Doan-Van-phong-Doan-DBQH-va-HDND-tinh-thap-nene2zenm.aspx,1
/saas./resttosaasservlet,1
/epinyins.php,1
/seeyon/htmlofficeservlet,2
/_layouts/tandan.portal/weather/img/128/02n.png,1
/portal/Pages/2024-1-12/Hoi-nghi-tong-ket-cong-tac-nam-2023-va-trien-khai-94zzsq.aspx,2
/portal/_themes/Portal_red/jquery-ui/jquery-ui.min.css,35
/portal/pages/van-phong-doan-DBQH-HDND-tinh.aspx,5
/portal/Photos/2023-10-23/cb8893cb99e86dddhc+(2).jpg,2
/api/upload.ashx,1
/portal/Pages/2023-12-8/nr9olk.aspx,1
/wp-content/plugins/x/index.php,1
/portal/Pages/2021-9-30/Giam-sat-viec-giai-quyet-kien-nghi-cua-cu-tri-tu-kmayi9c.aspx,1
/portal/LinkImage/bdd19138618d6dcdGopYVB-r.jpg,24
/portal/Pages/2022-6-22/Dien-tap-chi-huy--tham-muu-mot-ben-hai-cap-tren-bab2btt6.aspx,1
/dologin.action,2
/portal/Photos/2024-03-25/906691df8612c55d1.jpg,1
/api/upfile.ashx,1
/emap/devicePoint_addImgIco,1
/classes/Login.php,1
/wp-content/plugins/360-product-rotation/readme.txt,1
/portal/Pages/2023-6-29/Doan-dai-bieu-Quoc-hoi-tinh-tiep-xuc-cu-tri-sau-Kybm14l4.aspx,2
/assets/login,1
/2eMhUnCnjbVB0PeqKTY7GMm1Hvq,1
/_vti_bin/sites.asmx,1
/cgi-bin/mj_wwwusr,1
/portal/_res/bootstrap/js/bootstrap.min.js,36
/_layouts/1033/styles/Themable/corev4.css,35
/portal/_res/fonts/Roboto/roboto-v18-latin_vietnamese_latin-ext-italic.woff2,56
/portal/images/icon.gif,18
/portal/Photos/2024-03/_t/d4912d5a10db415dPho_png.jpg,12
/portal/Pages/Cac-ban-HDND-tinh.aspx,7
/reports/rwservlet,4
/portal/Pages/2021-9-30/Giam-sat-truoc-ky-hop-thu-11-HDND-tinh-khoa-XVIII-519hzz.aspx,1
/AttachFiles/21.+QH+chung+rang+dong280620180909.pdf,2
"/AttachFiles/17.+XD+khu+Dt+thi+tran+Co+Le,+h.+Truc+Ninh100620201040.pdf",1
/portal/Pages/2024-2-2/Dong-chi-Pho-Chu-tich-HDND-tinh-Mai-Thanh-Long-thahfdqzj.aspx,2
/portal/js/galleria/galleria-1.3.5.min.js,1
/class.api.php,11
/portal/Pages/2023-9-2/Tuyen-ngon-doc-lap--ket-tinh-nhung-gia-tri-van-hoap3zcft.aspx,1
/tutor/filter,1
/portal/Pages/2023-8-22/Tuyen-duong-khen-thuong-con-CBCC-NLD-ve-thanh-tichdyk1i7.aspx,1
/portal/Photos/2023-01-26/69e13cd1654e4dddND5.jpg,1
/hoidongnhandan/1231/29459/42096/Trong-nuoc/AttachFiles/AttachFiles/4-+NQ+72+ve+KH+dau+tu+cong+trung+han+2016-2020120620200951.doc,1
/main/webservices/additional_webservices.php,1
/public/index.php/home/file/user_pics,3
/portal/Pages/2023-12-8/Phat-bieu-khai-mac-cua-dong-chi-Chu-tich-HDND-tinho9069e.aspx,1
/portal/Pages/2023-10-25/Doan-cong-tac-cua-tinh-tham-lam-viec-xuc-tien-dau-detq6o.aspx,2
/audio/28007.mp3,1
/AttachFiles/28.+Cac+bao+cao+cua+Ban+phap+che100620201045.pdf,1
/audio/27990.mp3,1
/cgi-bin/cstecgi.cgi,1
/hoidongnhandan/1231/29459/39413/Ban-Kinh-te---Ngan-sach-HDND-tinh/dai-bieu.aspx,1
/hoidongnhandan/1231/29459/39471/so-do-site/nghi-quyet-detail.aspx,1
/portal/Pages/2023-11-1/UBND-tinh-thong-qua-bao-cao-uoc-thuc-hien-nhiem-vu1fqwk5.aspx,1
/portal/Pages/email-contact.aspx,1
/portal/Pages/2023-2-6/Le-hoi-Khai-an-Den-Tran-Xuan-Quy-Mao-2023dfzst9.aspx,1
/portal/Photos/2023-06/_t/df3e9dd8faf8d22d1f8dd6e4d28603d85a97_jpg.jpg,12
/portal/Photos/2024-01/_t/e46c3d0094bfd45d1_jpg.jpg,12
/portal,9
/portal/Pages/2022-9-8/Thuong-truc-HDND-tinh-giam-sat-cong-tac-dau-tranh-56idvv.aspx,2
/tools/Uploadify.ashx,1
/portal/Pages/2022-7-6/,1
/wp-content/plugins/wp-ecommerce-shop-styling/includes/dompdf/dompdf.php,1
/userentry,1
/portal/Pages/2021-10-11/Thuong-truc-HDND-tinh-Nam-Dinh--Khoa-XVIII-nhiem-kl6f3p2.aspx,1
/AttachFiles/qĐ+thành+lập+Đoàn+giam+sat+chuyen+de+ve+khcn1030620180631.doc,1
/hoidongnhandan/1231/29459/40927/Co-cau-to-chuc/AttachFiles/NQ+09+thong+qua+ke+hoach+to+chuc+cac+ky+hop+thuong+le+nam+2021+cua+HDND+tinh290620210932.pdf,1
/_layouts/Authenticate.aspx,32
/api/fileupload,1
/userfiles/file/images1332593_9235_1.jpg,1
/portal/Pages/2023-10-16/Giao-ban-Thuong-truc-HDND-tinh-voi-Thuong-truc-HDNok2qvd.aspx,1
/portal/Pages/2023-5-12/Phat-huy-vai-tro-tien-phong-guong-mau-cua-can-bo-dbml2p8.aspx,1
/portal/Pages/2022-3-24/HDND-huyen-Xuan-Truong-to-chuc-ky-hop-thu-5--ky-ho5u2yjt.aspx,1
/portal/Pages/2024-2-1/Dong-chi-Pho-Chu-tich-Thuong-truc-HDND-tinh-tham-t9tc9pm.aspx,1
/site/thuvientailieudientuvietnam/tai-lieu-detail.aspx,2
/portal/_res/img/bg-patern-footer.png,23
/portal/Photos/2024-03/_w/bac4b5956eafe91dqh_20240325212544_png.jpg,12
/audio/27983.mp3,1
/audio/28009.mp3,1
/view-doccument-16-BC-HDND-40.html,1
/href='/tai-lieu-detail.aspx,1
/_layouts/tandan.portal/weather/img/128/01n.png,2
/portal/Pages/2021/Thanh-lap-Dang-bo-Van-phong-Doan-Dai-bieu-Quoc-Hoi-366782.aspx,1
/Content/Uploadhandler,1
/geoserver/wms,1
/portal/pages/Tin-hoat-dong-cua-Ban-Kinh-te--Ngan-sach.aspx,1
/portal/pages/print.aspx,134
/portal/Photos/2022-10/_t/b0dd5c456dcafd0dPXL_20221027_150337433_jpg.jpg,12
/hoidongnhandan/1231/29459/42080/hoi-dong-nhan-dan-huyen-nam-truc/AttachFiles/AttachFiles/4.+NQ+ve+c.thuan+c.truong+d.an+d.tu+Benh+vien+da+khoa+tinh+(Benh+vien+da+khoa+quy+mo+700+giuong+tinh+ND+cu)030920200836.pdf,1
/wp-content/plugins/age-verification/age-verification.php,1
/portal/Photos/2023-10-23/83504848cb58d23dhc+(1).jpg,2
/mifs/aad/api/v2/admins/users,1
/Admin/Upload,1
/api/up.ashx,1
/tools/Uploadhandler/Uploadify.ashx,1
/hoidongnhandan/1231/29459/39416/Van-phong-HDND-tinh/AttachFiles/AttachFiles/02.+NQ+ke+hoach+phat+trien+kinh+te+xa+hoi+tinh+5+nam+20212025200720210150.pdf,1
/alfa-rex.php7,10
/portal/VanBan/2021-11/78840cf0add4f07d32.2.1.+Phu+luc+kem+theo+BC+GSCD+cua+Ban+KTNS+(PL+01).pdf,3
/setup/setupadministrator-start.action,4
/graph_view.php,1
/wp-content/class.api.php,1
/portal/Photos/2021-10-17/4a1a9626207f4dadbtk.jpg,1
/portal/Pages/2023-12-18/Ban-Thuong-vu-Tinh-uy-thao-luan-cho-y-kien-vao-cac8sjbqv.aspx,2
/wp-consar.php,10
/portal/Pages/Thuong-truc-HDND-tinh.aspx,8
/photo-gallery/api/album/tree_lists/,1
/portal/Pages/2023-9-26/So-ket-giua-nhiem-ky-thuc-hien-Nghi-quyet-Dai-hoi-iyvjts.aspx,1
/AttachFiles/29.6.+BC+k.qua+GSCD+cua+Ban+VHXH+ve+thuc+hien+cac+quy+dinh+chinh+sach+phap+luat+ve+ATVSLD+tai+cac+doanh+nghiep051220200752.pdf,3
/dview8/api/usersByLevel,1
/portal/Pages/2023-1-17/To-chuc-Hoi-nghi-tong-ket-cong-tac-Dang-phat-dong-o1pj4p.aspx,1
/portal/Photos/2022-09-07/bc903df2047cba5d49d3c8048152450c1c43.jpg,1
/includes/dompdf/dompdf.php,1
/wp-content/style.php,12
/AttachFiles/hd+tổ+chức+kỳ+họp+thường+lệ+hĐnd+huyện030620180639.doc,1
/ceshi.ashx,1
/owncloud/apps/graphapi/vendor/microsoft/microsoft-graph/tests/GetPhpInfo.php,1
"/AttachFiles/15.+BC+K.quả+TH+KN+sau+G.sát+về+Môi+trường+tại+CCN,+làng+nghề100620201136.pdf",1
/audio/27742.mp3,1
/cf_scripts/scripts/ajax/ckeditor/plugins/filemanager/iedit.cfc,1
/AttachFiles/16.+Quy+dinh+muc+thu+cac+khoan+thu+dich+vu+phuc+vu+ho+tro+hoat+dong+ngoai+hoc+phi140720210814.pdf,3
/index.action,34
/portal/Pages/2024-3-25/Hoi-thao-nang-cao-chat-luong-hoat-dong-To-dai-bieu8fd0g1.aspx,2
/wp-content/plugins/1g-music-share/readme.txt,1
/fileupload.ashx,1
/wp-content/plugins/wp-easycart/inc/admin/phpinfo.php,1
/portal/Pages/2023-5-20/Chu-tich-nuoc-Vo-Van-Thuong-ve-tham-va-lam-viec-ta5i2e4s.aspx,2
/portal/Pages/2023-5-22/Khai-mac-trong-the-Ky-hop-thu-5-Quoc-hoi-khoa-XV03qclk.aspx,1
/portal/LinkImage/dff8a0aaf18e9ddCSDL-2.jpg,24
/wp-includes/js/tinymce/skins/lightgray/img/index.php,10
/portal/Pages/2023-10-12/Hoi-nghi-lan-thu-24-Ban-Chap-hanh-Dang-bo-tinh-khou5krs7.aspx,5
/Content/Upload,1
/api/uploadhandler.ashx,1
/cgi-bin/vitogate.cgi,1
/cgi-bin/status/status.cgi,1
/datacenter/dataOrigin.ashx,1
/portal/Pages/2022-9-15/Le-dang-huong-tuong-niem-722-nam-Ngay-mat-cua-Anh-cgkafl.aspx,1
/portal/pages/Ban-Kinh-te-Ngan-sach.aspx,1
/portal/Pages/2021-11-8/Ban-Phap-che-HDND-tinh-to-chuc-Doan-giam-sat-chuyewxtgwd.aspx,1
/portal/Pages/2021-3-25/Tao-dieu-kien-de-ung-cu-vien-lang-nghe-y-kien-cu-td2xfqc.aspx,1
/cgi-bin/status,1
/api/file.ashx,1
/api/users,1
/portal/Pages/2021-3-26/Mong-muon-bau-vao-Quoc-hoi-va-HDND-nhung-nguoi-co-ex3a2d.aspx,1
/hoidongnhandan/1231/29459/39407/Gioi-thieu/AttachFiles/NQ+45+xac+nhan+ket+qua+bau+cu+Uy+vien+UBND+tinh151220200241.pdf,1
"/hoidongnhandan/1231/29459/40926/Chuc-nang-nhiem-vu/AttachFiles/AttachFiles/26.+NQ+c.thuan+d.chinh+d.an+di+dan+khan+cap+vung+sat+lo+bao+song+Ninh+Co,+H+Truc+Ninh200720210203.pdf",1
/portal/Pages/2023-9-22/Tac-pham-tham-du-giai-bao-chi-Bua-Liem-vang-lan-thb9s17w.aspx,1
/wp-content/themes/universal-news/www.php,10
/portal/pages/Tin-hoat-dong-HDND-cac-huyen-TP.aspx,4
/api/runscript,1
/mgmt/tm/auth/user/TRKn6,2
/file-manager/backend/text,1
/portal/Pages/2022-11-14/bgqc4o.aspx,1
/portal/Pages/Ban-Phap-Che.aspx,8
/portal/_res/fonts/Roboto/roboto-v18-latin_vietnamese_latin-ext-500italic.woff2,9
/wp-content/plugins/1-flash-gallery/readme.txt,1
/wp-content/plugins/404-to-301/readme.txt,1
/mgmt/shared/authn/login,2
"/hoidongnhandan/1231/29459/39412/Tin-tuc---Hoat-dong/AttachFiles/5.+NQ+ve+quyet+dinh+chu+truong+dau+tu+du+an+xay+dung+KDC+tap+trung+phia+Bac+thon+An+Loc+Thuong,+xa+Yen+Hong,+huyen+Y+Yen260420210411.pdf",1
/portal/Pages/2023-10-23/NANG-CAO-CHAT-LUONG-CONG-TAC-THAM-MUU-GIUP-VIEC-VAsivciz.aspx,6
/portal/Pages/2021-10-31/Doan-dai-bieu-Quoc-hoi-tinh-dong-gop-y-kien-tai-ca0vp588.aspx,1
/portal/Pages/2023-12-25/Chi-bo-tham-muu-tong-hop-thuoc-Dang-bo-Van-phong-D0v6air.aspx,1
/flatpress/fp-content/,1
/json/setup-restore.action,1
/wp-content/plugins/easy-digital-downloads/readme.txt,1
/portal/Pages/2023-4-21/Ban-Kinh-te--Ngan-sach-HDND-tinh-tham-tra-truoc-kyp9d7is.aspx,2
/telaen/redir.php,1
/BSW_cxttongr.htm,2
/portal/Pages/2023-11-6/Ky-ket-chuong-trinh-phoi-hop-giua-HDND-tinh-Nam-Dimx7775.aspx,1
/portal/pages/gop-y-van-ban.aspx,1
/audio/28014.mp3,3
/Content/Upfile,1
/Admin/Upfile,1
/AttachFiles/30_2016_NQ_HĐND120620200852.doc,1
/file-manager/,1
/portal/admin/modules/quan-tri-lien-ket-anh.aspx,1
/wp-content/plugins/blogtopdf/dompdf/dompdf.php,1
/portal/_res/fonts/Roboto/roboto-v18-latin_vietnamese_latin-ext-regular.woff2,50
/tools/Uploadify/Uploadhandler.ashx,1
/AttachFiles/29_2016_NQ_HĐND120620200852.doc,1
/portal/Pages/2023-12-8/Tiep-tuc-phien-lam-viec-buoi-chieu-ngay-thu-nhat-kdk3jmd.aspx,1
/portal/Photos/2021-10-19/5d98965349446d1dvhxh1.jpg,1
/portal/pages/van-ban/default.aspx,147
/portal/admin,7
/tools/Uploadify/Upload.ashx,1
"/hoidongnhandan/1231/29459/39407/Gioi-thieu/AttachFiles/7.+NQ+ve+c.thuan+d.chinh+thoi+gian+xay+dung+khu+dan+cu+thuong+mai+xa+Hai+Thanh,+huyen+Hai+Hau030920200839.pdf",1
/api/session/properties,1
/portal/Photos/2022-01-25/7db4af2f31d1369dCDVP.jpg,1
/csrf,1
/_api/web/siteusers,2
/2eGZrZbjj6dRImbBwH7oDI4ccxW,1
/dashboard/,1
/_layouts/1033/styles/Themable/layouts.css,3
/tools/Uploadhandler/Uploadhandler.ashx,1
/audio/27510.mp3,1
/portal/Pages/2023-11-13/Doan-dai-bieu-Quoc-hoi-tinh-tham-gia-thao-luan-tai7vfkwc.aspx,2
/debug.cgi,1
/portal/Pages/2023-12-10/5v4j48.aspx,1
/portal/pages/photos/w.aspx,1
/_layouts/tandan.portal/jslibs/jquery-ui/jquery-ui-tabs-rotate.js,36
/updates.php,10
/repeater.php,10
/Manage/Upload,1
/api/Uploadhandler,1
/portal/Pages/2023-4-13/Ban-Phap-che-HDND-tinh-tham-tra-truoc-ky-hop-thu-1u43htd.aspx,1
/AttachFiles/71_KH_20210629014526182180290620210152.pdf,1
/portal/Pages/2023-9-22/Khai-mac-Dai-hoi-dai-bieu-Hoi-Nong-dan-tinh-lan-thdcsm4y.aspx,1
/hoidongnhandan/1231/29459/40926/Chuc-nang-nhiem-vu/AttachFiles/tai-lieu-detail.aspx,1
/portal/LinkImage/5bf4b93b502fadddPM-HDND-2.jpg,24
/portal/_res/bootstrap/fonts/glyphicons-halflings-regular.woff2,52
/.well-known/pki-validation/cloud.php,10
/SiteFolders/doandaibieuquochoi/3398/AttachFiles/nghi-quyet-detail.aspx,1
/portal/Pages/2019/Giam-sat-cong-tac-dau-tu-quan-ly-va-su-dung-trang--932940.aspx,1
"/hoidongnhandan/1231/29459/40963/Chuong-trinh-hanh-dong-DB-HDND/AttachFiles/NQ+69+quyet+dinh+chu+truong+dau+tu+du+an+cai+tao,+nang+cap+tuyen+duong+Thai+Hai,+h+Nam+Truc151220200301.pdf",1
/audio/27461.mp3,3
/audio/27531.mp3,1
/hoidongnhandan/1231/29459/39407/Gioi-thieu/AttachFiles/default.aspx,1
/hoidongnhandan/1231/29459/39474/Hoi-dong-nhan-dan-cac-cap/AttachFiles/nghi-quyet-detail.aspx,1
/_layouts/1033/core.js,39
/portal/LinkImage/a4476add1fdc5eadChinhPhu-2.jpg,24
/audio/27669.mp3,1
/welcome.action,2
/hoidongnhandan/1231/29459/39471/so-do-site/AttachFiles/AttachFiles/2-+NQ+70+ve+phe+chuan+tong+quyet+toan+ngan+sach+2016120620200952.doc,1
/portal/pages/photos/default.aspx,7
/api/v1/database/10,5
/portal/Pages/2023-11-15/b8o1ek.aspx,1
"/hoidongnhandan/1231/29459/39541/Nghien-cuu---Trao-doi/AttachFiles/AttachFiles/NQ+71+q.dinh+chu+truong+dau+tu+d.an+xay+dung+khu+dan+cu+tap+trung+xa+Hoanh+Son,+H+Giao+Thuy171220201016.pdf",1
/javax.faces.resource/dynamiccontent.properties.xhtml,4
/portal/_themes/Portal_red/img/up.png,23
"/portal/VanBan/2024-03/a17e5047a220e3cdKH+Tổ+chức+kỳ+họp+thứ+17+(để+giải+quyết+công+việc+phát+sinh+đột+xuất)+HĐND+tỉnh+khóa+XIX,+NK+2021-2026.pdf",2
/dompdf.php,1
/portal/_res/bootstrap/css/bootstrap.min.css,34
/cgi-bin/webproc,1
"/ws/msw/tenant/'+union+select+(select+ID+from+SGMSDB.DOMAINS+limit+1),+'',+'',+'',+'',+'',+(select+concat(id,+':',+password)+from+sgmsdb.users+where+active+=+'1'+order+by+issuperadmin+desc+limit+1+offset+0),'',+'',+'",1
/bsh.servlet.BshServlet,2
/portal/Pages/2022-5-23/Giam-sat-thuc-hien-chinh-sach-phap-luat-ve-bao-hieuirki9.aspx,1
/portal/pages/Tin-hoat-dong-cua-Ban-Phap-che.aspx,1
/portal/Pages/2023-11-22/Thuong-truc-HDND-tinh-giam-sat-viec-giai-quyet-kie1l1w98.aspx,1
/_fragment,1
/portal/_themes/Portal_red/img/tags.png,13
/portal/pages/Hoat-dong-cua-HDND-tinh.aspx,4
/Manage/Uploadhandler,1
/audio/27861.mp3,1
/portal/Pages/2023-11-20/To-dai-bieu-HDND-tinh-giam-sat-viec-giai-quyet-cacsoioq3.aspx,1
/wp-content/uploads/class.api.php,1
/hoidongnhandan/1231/29459/39415/Ban-Phap-che-HDND-tinh/nghi-quyet-detail.aspx,1
/tools/Uploadify/Uploadify.ashx,1
/api/v1/database/2,5
/scripts/setup.php,1
/portal/Pages/2024-3-14/HDND-tinh-to-chuc-ky-hop-giai-quyet-cong-viec-phat9euq2a.aspx,1
/portal/Pages/2023-6-13/jtipvk.aspx,1
/wp-content/plugins/2j-slideshow/readme.txt,1
/Http/webroot/config.json,1
/portal/_res/css/img/loader.gif,23
/portal/Photos/2023-04/_t/844051d177145f0d3_jpg.jpg,12
/hoidongnhandan/1231/29459/40932/van-ban-tra-loi-y-kien---kien-nghi-cu-tri/AttachFiles/tai-lieu-detail.aspx,1
/author-sitemap.xml,2
/api/v1/users/admin,1
/admin/login/,1
/wp-content/plugins/gboutique/library/dompdf/dompdf.php,1
/human.aspx,1
/hoidongnhandan/1231/29459/39413/Ban-Kinh-te---Ngan-sach-HDND-tinh/AttachFiles/default.aspx,1
/solr/admin/collections,1
/api/v1/database/6,5
/audio/27926.mp3,1
/AttachFiles/150-KH-HDND240820180958.pdf,1
/portal/pages/https-hdnd-namdinh-gov-vn-portal-pages-van-ban-v-.aspx,1
/portal/Photos/2021-10-20/22b9d555cd029cbdTBN3.jpg,1
/portal/LinkImage/1d81b253d19d58adDA7.jpg,24
/portal/pages/search.aspx,1
/Servlet/Skins,1
/hoidongnhandan/1231/29459/42086/Hoi-dong-nhan-dan-huyen-Y-Yen/AttachFiles/tai-lieu-detail.aspx,1
/portal/Pages/2023-5-28/HDND-thanh-pho-Nam-Dinh-to-chuc-ky-hop-giai-quyet-as5rs7.aspx,1
/user.action,5
/poc.jsp,1
/portal/Photos/2023-07/_w/d556f58825c14edd478777f5411b9145c80a_jpg.jpg,12
/wp-json/wp/v2/add-listing,1
/modules/jmsblog/config.xml,1
/test.ashx,1
/portal/displayAPSForm.action,1
/portal/Pages/2021-10-26/Phat-trien-san-xuat-cong-nghiep-an-toan-linh-hoat-7b4fxm.aspx,1
/AttachFiles/6.+BC+tham+tra+Ban+P+C100620201100.pdf,1
/portal/Photos/2024-03/_t/59a4b336ca88b8dda1_20240307123759_jpg.jpg,13
/wp-content/plugins/wp-custom-pages/wp-download.php,1
/AttachFiles/Thong+bao+tham+tra231020180842.pdf,1
/app/rest/users/id:1/tokens/RPC2,2
/portal/Pages/2023-10-20/Ho-i-nghi-lien-ti-ch-tho-ng-nha-t-no-i-dung-chuonglhm75e.aspx,1
/remotereporter/load_logfiles.php,1
/api/v1/clusters/kubeconfig/k8s,1
/portal/Pages/2024-1-2/Hoi-nghi-tong-ket-cong-tac-dam-bao-an-ninh-trat-tuekpf4c.aspx,2
/appliance/login,1
/portal/_res/fonts/Roboto/roboto-v18-latin_vietnamese_latin-ext-700.woff,1
/AttachFiles/HD+tổ+chức+kỳ+họp+thường+lệ+HĐND+huyện120620200247.doc,1
/portal/pages/Hoat-dong-cua-Doan-DBQH-tinh.aspx,1
/wp-admin/dropdown.php,10
/portal/ImageAds/c7d149d0d51cdccdNghiQuyetDB.jpg,12
/file.ashx,1
/guestaccess.aspx,1
/hoidongnhandan/1231/29459/42080/hoi-dong-nhan-dan-huyen-nam-truc/AttachFiles/tai-lieu-detail.aspx,1
/AttachFiles/11.+BC+quyet+toan+ngan+sach+nha+nuoc+tinh+2019031220200844.pdf,1
/wp-security.php,10
/admin/suppliers/view_details.php,1
"/AttachFiles/20.+NQ+chap+thuan+dieu+chinh+ten+du+an,+co+cau+nguon+von+dau+tu,+thoi+gian+t.hien+d.an+Trung+tam+da+lieu+tinh200720210159.pdf",1
/portal/Photos/2022-01/416824ddf6a55cddHDR.jpg,1
/portal/Photos/2023-11/_w/ea2d6bddbffba1adct_jpg.jpg,12
/objects/playlistsFromUser.json.php,1
/userfiles/file/TaiLieuTXCT+Ky+hop+6/nghi-quyet-detail.aspx,1
/inputs.php,1
/portal/_res/css/component.css,34
/portal/Photos/2024-02/_t/d0771fd71e862a9danh2_20240131114528_jpg.jpg,12
/api/Upload,1
/files.asp,1
/audio/28101.mp3,1
/portal/Pages/2023-12-6/Doan-dai-bieu-Quoc-hoi-tinh-tiep-xuc-cu-tri-sau-Kynjosgi.aspx,1
/_users/org.couchdb.user:poc,3
/SupportPortlet/faces/javax.faces.resource./WEB-INF/web.xml.jsf,1
/_layouts/blank.js,38
/wp-admin/css/colors/coffee/index.php,10
/portal/Photos/2024-03/_w/6e87739028bc2b5da5_20240313090337_jpg.jpg,12
/feed/,2
/wp-content/plugins/001-prime-strategy-translate-accelerator/readme.txt,1
/mifs/asfV3/api/v2/admins/users,1
/AttachFiles/,1
/AttachFiles/18.+BC+danh+mục+DA+thuộc+KH+2018040620180827.pdf,1
/portal/LinkImage/2c8d9318ee102ddunnamed.jpg,24
/portal/Pages/2022-6-30/Ban-Kinh-te--Ngan-sach-tham-tra-truoc-ky-hop-thu-boaeofa.aspx,2
/session/login,1
/_layouts/tandan.portal/jslibs/jwplayer/jwplayer.js,1
/audio/27959.mp3,1
/portal/Pages/2021-10-13/Lanh-dao-Van-phong-Doan-DBQH-va-HDND-tinh-Nam-Dinha10e1d.aspx,2
/portal/_res/css/responsive.css,35
/api/fileupload.ashx,1
/portal/Pages/2024-3-19/Uy-ban-Thuong-vu-Quoc-hoi-chat-van-cac-van-de-thuoseeqg1.aspx,1
"/hoidongnhandan/1231/29459/40932/van-ban-tra-loi-y-kien---kien-nghi-cu-tri/AttachFiles/NQ+15_2019+phan+bo+noi+dung,+muc+chi+p.v+cta+bao+dam+trat+tu+ATGT+tu+nguon+thu+xu+phat+vi+pham+HC+trong+linh+vuc+ATGT100620201153.pdf",1
/secureader/javax.faces.resource./WEB-INF/web.xml.jsf,1
/SiteFolders/doandaibieuquochoi/3398/AttachFiles/AttachFiles/3.+NQ+ve+chap+thuan+danh+muc+cac+du+an+bo+tri+von+NSDP+qua+thoi+gian+quy+dinh+chuyen+tiep+sang+giai+doan+2020_2025260420210410.pdf,1
/portal/_res/css/core.css,34
/portal/Photos/2024-03/_w/d4912d5a10db415dPho_png.jpg,12
/portal/ImageAds/cf2393ac6dd6ef2dGopYVB.jpg,12
/portal/Photos/2021-11/_t/ddbbd6c79cd6c2ddz2914861754151_dc061625185e4d3e25a877abca4e95d5_jpg.jpg,12
/file.asp,1
/api/v1/database/3,5
/file-manager/backend/permissions,1
/userfiles/media/A1.jpg,1
/portal/_res/img/ic-media-item.svg,15
/forms/doLogin,1
/portal/Photos/2023-04/_w/c2c9237ecdeed65dPC1_jpg.jpg,12
/portal/Pages/Dai-bieu-HDND-tinh.aspx,8
/wp-content/plugins/123contactform-for-wordpress/readme.txt,1
/portal/_res/img/bg-body.png,24
/cgi-bin/user/Config.cgi,2
/QtG22/CVE-2023-47246.txt,1
/portal/pages/Tin-hoat-dong-Van-phong-Doan-DBQH-va-HDND.aspx,1
/userfiles/2020/bbbb.jpg,1
/images/logo/logo-eoffice.php,3
/portal/Photos/2023-12-25/a4e3f4a73c223ccd1a.jpg,1
/portal/_res/img/bg-title-2.png,12
/api/server/version,1
/portal/Pages/2023-10-24/Khai-mac-Ky-hop-thu-6-Quoc-hoi-khoa-XVaaubc3.aspx,1
/portal/Pages/2023-5-25/Phan-dinh-3-cap-do-phong-thu-dan-su-de-ung-pho-kha8sh02f.aspx,1
/wp-content/plugins/simple-image-manipulator/controller/download.php,1
/AttachFiles/37.+Gợi+ý+thảo+luận+tổ100620201141.pdf,1
/favicon.ico,15
/CFIDE/adminapi/accessmanager.cfc,1
/api/uploadfile.ashx,1
/portal/Pages/2021-10-18/Doan-dai-bieu-Quoc-hoi-DBQH-tinhtqs4do.aspx,2
/hoidongnhandan/1231/29459/39471/so-do-site/AttachFiles/AttachFiles/NQ+26+bai+bo+NQ+16_NQ-HDND100620201154.pdf,1
/webmail/old/calendar/minimizer/index.php,2
/portal/Pages/Gioi-thieu-chung.aspx,9
/audio/27955.mp3,1
/api/fileup,1
/_layouts/tandan.portal/weather/img/48/10n.png,3
/AttachFiles/nghá»‹+quyáº¿t+3120620200757.pdf,1
/portal/Pages/2022-8-25/Xay-dung-he-thong-do-thi-gop-phan-phat-trien-toan-h7qqdj.aspx,1
/_layouts/tandan.portal/jslibs/jquery.js,36
/wp-admin/profile.php,1
/api/hassio/app/.%2e/supervisor/info,1
/portal/Pages/2021-10-13/Ban-Van-hoa--Xa-hoi-HDND-tinh-Nam-Dinh--Khoa-XIX-Nbwj71y.aspx,1
/portal/Pages/2022-5-18/,1
/portal/_res/fonts/RobotoCondensed-Regular.ttf,8
/portal/_layouts/Authenticate.aspx,18
/orchard/Users/Account/LogOff,1
/.tmb/class.api.php,1
/wp-content/plugins/Cache/Cache.php,10
/setup/setupadministrator.action,2
/portal/Photos/2022-07-18/c76c90d6c504cacdanh+bai+1+nd.jpg,1
/portal/Photos/2021-10-17/2dd45cd26d72f63dPolish_20201209_074609685.jpg,1
/AttachFiles/nghị+quyết+1120620200755.pdf,1
/portal/Photos/2024-01/_w/fe15bc366eb2e43d12345_jpg.jpg,12
/admin/dashboard.php,1
/portal/Pages/2022-9-27/Dong-gop-y-kien-vao-du-thao-Luat-sua-doi-bo-sung-m09lutq.aspx,1
/controlcenter.php,1
/portal/Pages/2021-10-13/Phong-Cong-tac-Hoi-dong-nhan-dan0h5603.aspx,1
/wp-content/plugins/3dprint-lite/readme.txt,1
/sitecore_xaml.ashx/-/xaml/Sitecore.Xaml.Tutorials.Styles.Index,1
/_layouts/tandan.portal/weather/img/48/03d.png,6
/api/v1/database/5,5
/audio/27760.mp3,1
/AttachFiles/wp-login.php,2
/AttachFiles/20.+B.cao+tham+tra+cua+Ban+Phap+che140720210815.pdf,1
/wp-content/plugins/web-portal-lite-client-portal-secure-file-sharing-private-messaging/includes/libs/pdf/dompdf.php,1
/100vr/login/checktypelogin/,1
/portal/Pages/2023-9-28/Doan-dai-bieu-Quoc-hoi-tinh-tiep-xuc-cu-tri-truoc-shazz3.aspx,1
/portal/ImageAds/2db8333db8f3df4dDanhBa.jpg,12
"/portal/VanBan/2023-12/d500d6423dd4695dNghị+quyết+kỳ+họp+thứ+15+HĐND+tỉnh+khóa+XIX,+NK+2021-2026.rar",1
/portal/Pages/2024-3-8/Hoi-nghi-truc-tuyen-toan-quoc-lan-thu-hai-trien-khp7ix33.aspx,2
/portal/Pages/2023-7-28/Chi-doan-TNCS-Ho-Chi-Minh-Van-phong-Doan-DBQH-va-Hn1wzqf.aspx,1
/portal/Pages/2023-1-11/Hoi-nghi-gap-mat-can-bo-huu-tri-co-quan-Van-phong-bxbkgy.aspx,1
/portal/Pages/2022-8-22/Thuong-truc-HDND-tinh-giam-sat-chuyen-de-Cong-tac-o9i7oa.aspx,2
/hub/,1
/loadfile.lp,1
/portal/Photos/2022-09/9cfec9341fb0f54d0747037d5e3c9a62c32d.jpg,1
/web_shell_cmd.gch,1
/login.action,22
/esp/cms_changeDeviceContext.esp,1
/2eGZrjvwM1mIf12PEGIFyaA4Lwr.jsp,1
/images/110620200934Untitled1.1.3.1.1.png,1
/api/uploadify.ashx,1
/wp-content/plugins/count-per-day/download.php,1
/_layouts/tandan.portal/weather/img/48/03n.png,3
/AttachFiles/11-NQ-HĐND110720180801.pdf,1
/AttachFiles/19-NQ-HDND_20160802041957966960120620200829.PDF,2
/hoidongnhandan/1231/29459/42095/Trong-tinh/AttachFiles/tai-lieu-detail.aspx,1
/dropdown.php,1
/mqtmDqfcQx.php,1
/portal/Pages/2021/Ban-Van-hoa-Xa-hoi-HDND-tinh-tham-tra-truoc-ky-hop-644262.aspx,3
/api/v1/database/7,5
/AttachFiles/NGHá»Š+QUYáº¾T+31+Cá»¦A+TT+HDND120620200752.pdf,1
/_layouts/spgridview.js,1
/portal/Photos/2024-02/_t/6b6a7ce30fd9c71d1_20240220112335_jpg.jpg,12
/modules/leocustomajax/leoajax.php,1
/cgi-bin/mt/mt-xmlrpc.cgi,1
"/AttachFiles/4.+Sap+xep+don+vi+hanh+chinh+cap+huyen,+xã+giai+doan+2019-2021100620201100.pdf",10
/wp-content/plugins/media-library-assistant/includes/mla-stream-image.php,1
/website/blog/,6
/_layouts/tandan.portal/jslibs/flyout-gallery/td-fly-out-galler